name,last_name,date
wVlygPvs,kGTwauamHM,2020-01-01
oMXBtLcK,HFTgvpZbxI,2020-01-01
kHOyLMzn,ZrXMFvIrAD,2020-01-01
FPBRVxmD,zKZlECuxNQ,2020-01-01
LjEXyNKN,elznqOfvIc,2020-01-01
JetvRiTt,AtREkgsGhF,2020-01-01
FEUEswhR,SJiwymWfmW,2020-01-01
EyYnwiQi,IKFQcHrYLW,2020-01-01
ZlKTObKH,yYyMnwARlS,2020-01-01
vYJzSrWo,VEsgBbprLO,2020-01-01
oKojoZZv,MDUIsshudW,2020-01-01
tenIQpRc,FYKYJUJgUV,2020-01-01
gUqPZhTg,gOeStWCoTW,2020-01-01
SZJyVjOV,wqyztzrXtt,2020-01-01
tMGmtYUR,GDnBnUTXpS,2020-01-01
GkTGunSC,ofJWVZcNGH,2020-01-01
ATGWHwAX,pYQjDvEOgb,2020-01-01
cgjIjCht,gLhDBOpcYv,2020-01-01
wvLbYrGo,coRRNXpMJB,2020-01-01
vLufoJWm,tgLmSfJheu,2020-01-01
aaMLoDCf,jFStThTYVK,2020-01-01
DQaDvrlj,Rovncdiiim,2020-01-01
CaLYlzho,AGqFMGvKkC,2020-01-01
idZWpVgY,qGOQNxEoLz,2020-01-01
PInPpwzj,lmVoSZoyIg,2020-01-01
bbVXKdRP,ukJjPeRKII,2020-01-01
QvCBGjYU,ETZTbCWJxD,2020-01-01
bNlJFaHp,XhxMflWSpN,2020-01-01
ygIpIFmz,HrxwdmULyj,2020-01-01
eHCthXrm,XPzqDchjsk,2020-01-01
vllFNOkm,dfAzYdSQAv,2020-01-01
YJiVBVcE,jKjvqhjCOH,2020-01-01
JotYRDXB,elkkJlPSvK,2020-01-01
gULjtRrX,EbtxHLOlPD,2020-01-01
AyfXphBB,OIKczxlkqp,2020-01-01
vDUHwGdS,qEsKBaDqhH,2020-01-01
NlJxiPWU,WJiDDesECG,2020-01-01
YrDtYhYV,OSqABqILKI,2020-01-01
TTdqUEBk,YvnkUqkTkp,2020-01-01
qiiDnacg,gXNLwErwwT,2020-01-01
UEoFFasp,uzaUbYHiYl,2020-01-01
KljWGPEg,whmGwmBcbz,2020-01-01
jYboaUVx,gmsPfxTBmP,2020-01-01
PwYBodDD,FBuHojtWYt,2020-01-01
LIFWwlUA,OovCZnpmjC,2020-01-01
HirIVHCM,ZnIOgPNkws,2020-01-01
tElWIbdL,LIpVTnxieS,2020-01-01
zeJVZFiE,EAuNfpaUTd,2020-01-01
lyruOfHe,irPuNvfmGr,2020-01-01
gybUIwpO,XvDGbhwcna,2020-01-01
ilHvyVAs,MlCWVtAhmY,2020-01-01
WmmCwjqB,GuVOANyrAi,2020-01-01
xtpiOjyA,alwNsFpTMq,2020-01-01
bZJclAMs,AdgshEXOTU,2020-01-01
JeBEliYc,hPPVmZMZAx,2020-01-01
mrpiIWrs,acVBYonnmx,2020-01-01
KzgRRqHF,UrfRgPJIDh,2020-01-01
KgipSVnk,DKGZioNOcs,2020-01-01
iQqepeSW,uGwTDtqeya,2020-01-01
jsNXmblL,dfHCCQKbFl,2020-01-01
LQHYdHdj,WEXkDqDuQb,2020-01-01
BriNEJsH,TLdGHKvWHK,2020-01-01
nmIebRna,ASsGoYGyrt,2020-01-01
AebpvmXp,wQRftQjgkN,2020-01-01
qXzTeMwp,OyOpdppTQf,2020-01-01
zdSYxPDZ,sZYasdebYP,2020-01-01
blXylkJF,WbmKbnpjRq,2020-01-01
HhRqloJN,lDfzNVycpk,2020-01-01
sxgXORKf,GEEEAdXnJw,2020-01-01
vcdUWldv,uLSQCvwsOZ,2020-01-01
IXkwJAHh,UWyNuZjrMY,2020-01-01
SqeMfFJa,liKHtXMrXy,2020-01-01
uURPxuAb,FDrWJTGPaB,2020-01-01
xJWZiqgv,QpTMtaQzto,2020-01-01
oKzLlbFk,lSdGZAMTOU,2020-01-01
UhlgTqft,xgwLgHBYpG,2020-01-01
cQsIhvLY,hZowHItTDw,2020-01-01
MsPbLncu,PprmDFjGuw,2020-01-01
GDszusoN,glHeDTYzjE,2020-01-01
hmjJSzUj,ynupHvREAN,2020-01-01
zzaMRZvB,EKnAXIyxvx,2020-01-01
XsoCondC,seHwuWhtzR,2020-01-01
wzIqUoYJ,cXeaZHcrRs,2020-01-01
QGfCbciR,deRSkKLuvb,2020-01-01
KfMfzwVl,FfwstceSDC,2020-01-01
LBMflSqx,IksviuITgT,2020-01-01
NsiWkbwE,vkmRtrNaxm,2020-01-01
MRfTNbmG,VqhHDQnasE,2020-01-01
OHEbeXzZ,qwGCPQRSRE,2020-01-01
RSCifnXc,mckrwvZXsM,2020-01-01
qtmSYrwd,gRtbLlQcCU,2020-01-01
VBpemCrg,XWRcsXePdN,2020-01-01
CaqbCBeP,FgUtKtYTCa,2020-01-01
vMEOPgpZ,fteHqeVvup,2020-01-01
CkKgbMRK,OPyMFClIYR,2020-01-01
tgdwYLyA,tnksLromge,2020-01-01
QJUZFMIr,aIlHiSDMuZ,2020-01-01
YyGkvJzz,eJnNhUheBQ,2020-01-01
avtvFyum,eZMfNBPFRo,2020-01-01
FiNOYlPn,YMtlbPpFSg,2020-01-01
ARTgwfJA,sUXjXeCUuf,2020-01-01
NRVgSLIc,JYkocrUcJy,2020-01-01
YlgNNPCw,cMzdZaJbUX,2020-01-01
vgkvjxuj,JsWzTFeUKJ,2020-01-01
JLtzETQk,gVcnlFKSwm,2020-01-01
OnUzfSzn,MrylLSgggO,2020-01-01
hrMObdjj,NFlEtzTSDh,2020-01-01
fIbTbDFM,XXakrTSeIy,2020-01-01
QbDyRgZC,CEKhMCtyYJ,2020-01-01
xGNwcSrW,AxZboPquYt,2020-01-01
vhknHegB,pxgppxlSZw,2020-01-01
HSUkHPSk,zUzKhvvhfr,2020-01-01
GereETxP,yrsyHCxRvY,2020-01-01
IuSNEHdV,xqdQnVPLyS,2020-01-01
zyXcxmNg,sUGhsJJBpm,2020-01-01
hrrAkJqS,IQmtMwXjpy,2020-01-01
EQGFgdZa,pLotEtVDuP,2020-01-01
rqcYTzKQ,uOmqukfCYg,2020-01-01
AJxuTZzM,ZEYUuAKjGX,2020-01-01
qgjSBRMS,gOcioHGuUo,2020-01-01
ARYKnWoi,tNumorCADj,2020-01-01
xvVXnArX,fRPDRRNgDc,2020-01-01
xFVUKbHj,bREfbeULds,2020-01-01
eypmmikQ,uNHEDcStls,2020-01-01
mgXqIvbf,UhuBuCTFle,2020-01-01
ajkgWFdp,nadKYptJcY,2020-01-01
PYmegCIU,syTGFqduzv,2020-01-01
mRiHfWYH,FryWGYYibX,2020-01-01
sIbBuauK,umvEFzvhJJ,2020-01-01
brnNABje,NNJFiPhIoM,2020-01-01
NKyfPzXI,nJFwtvQivH,2020-01-01
SfRGnXzH,UEvAHEpCHP,2020-01-01
uxRPhAzX,hFCKBELvdT,2020-01-01
noptHlzE,yKkTRNytoI,2020-01-01
ouMwSLbm,gBdbHtWctX,2020-01-01
JvUnpWqP,ddAuJoUyAJ,2020-01-01
qNTdRMRN,vbzhXLBkbn,2020-01-01
LmEGTFXH,dZFZozcGrY,2020-01-01
lgJTdgJK,jUMcvjZeqR,2020-01-01
fpQewkLJ,bNSuSGNMOX,2020-01-01
GWANUSaF,mgKPfafjxn,2020-01-01
pcsHiGoB,WwNOiSWXGt,2020-01-01
iOxHLLGN,czeKDAZmJZ,2020-01-01
SkjookRf,qHyzFOoXMO,2020-01-01
WmuTUcxq,tyceDeiCdf,2020-01-01
RxPoSDaO,TeESsdFQOQ,2020-01-01
MlrRTENc,gVqtegxkKV,2020-01-01
NuxpVFPR,WjugztxeUX,2020-01-01
WNvLuvMu,QObHUfkGVA,2020-01-01
ARTyjmio,yjmbuSilPb,2020-01-01
wPoVljFC,PRzGQrQiOq,2020-01-01
vZOBesvF,JJQapjSMLj,2020-01-01
fXqFKLnS,bWuaznKYrz,2020-01-01
GNwavoyw,nKbqPAjNWh,2020-01-01
jzocwyaV,GYjcQbguUr,2020-01-01
EjtgbnEg,RLaTSCWCSV,2020-01-01
gjIKzNGr,uuHiLmFjnz,2020-01-01
JQvwkRpN,ogjWsiihfb,2020-01-01
bhrTNPmP,wUbkzdyaQO,2020-01-01
aTTNCcLy,daWOJqKkYA,2020-01-01
HPERtXYD,adDchLlrmY,2020-01-01
DKBfMDvh,orsrISQOTW,2020-01-01
HlYVHwxu,vhdXMeltvc,2020-01-01
DjHQnpCr,dsdGRKGVYe,2020-01-01
OHeZjtGl,kaaxKGWBfs,2020-01-01
ghyctTwg,QdUtrnppvJ,2020-01-01
YzIafNCG,krFkvpOqzs,2020-01-01
hnnnSnOC,PzGSrHzbrw,2020-01-01
tCDzlvsw,kwotPQkxLF,2020-01-01
WCvrDySd,exijuYvyqw,2020-01-01
OZyQlyHw,EFtGmAYXsp,2020-01-01
jOjfDpai,OGGPWIHmzf,2020-01-01
YFysuKYu,yOWBNJyYRn,2020-01-01
wSLzqeBE,nRiPfUTfoR,2020-01-01
awtlPloo,pAzxQEynIx,2020-01-01
ktAmQBRk,ykOGPhKROI,2020-01-01
zVYbvgou,WhSuneKnSR,2020-01-01
bqWXEXlN,uMlVkzLVsm,2020-01-01
JEdViiUi,ouCCLShyxk,2020-01-01
yHmkpSLK,dliDnueEab,2020-01-01
gLgvTUpL,dTIGzQlhlp,2020-01-01
xLYvnFRD,aiwFdlcwtk,2020-01-01
yZlmzBOw,JbrXWMMEyS,2020-01-01
FugWDpPv,wogaoAyODl,2020-01-01
uespsMxD,zBCppeWVTR,2020-01-01
XdJcRCQS,WvTbMbjjxz,2020-01-01
KVqkwgEC,NZRGVvNnmN,2020-01-01
mKjhqbtB,UCyQSoOYYM,2020-01-01
cTtHMQov,duuduAYMEd,2020-01-01
rMmvKNPl,NTdcpufhvi,2020-01-01
iwRWoMyS,eWnpHmUqAR,2020-01-01
CipANLuW,qkXuTjSdjM,2020-01-01
SJhrpOMj,cLVVLDWpEL,2020-01-01
FNKhqaqN,bDvRVteaNr,2020-01-01
YazJNkDh,YPOcXaDbTd,2020-01-01
XrcehzTO,TEIlbUOzSp,2020-01-01
BxDMnVnX,SVqZWhYSuO,2020-01-01
GVCYhhlB,dEvSrQPuhL,2020-01-01
FuEaYdFL,UBsRHHgVCx,2020-01-01
yHTREvjJ,XOdECfbFVr,2020-01-01
MEioFMXC,kfvJLUBfGV,2020-01-01
fpzWbVoA,BraHgEBdHT,2020-01-01
UOXhYdRk,DKFJRzYHhD,2020-01-01
PXYHxnCK,xkUkOqkThT,2020-01-01
FLizFgIy,fDFFWMOckL,2020-01-01
FsdsCcZP,HDNxatlPPm,2020-01-01
xnbpQWOP,xjIbKUsguX,2020-01-01
XKtvGStu,eRQMireDEW,2020-01-01
gCyfZdyi,hrHClUekzI,2020-01-01
WadAzGSA,GUKHVbhEcM,2020-01-01
vHFCmjdw,BqnjkAAKYS,2020-01-01
wEEgInbo,CNFntEJQkx,2020-01-01
TAbXTzvd,sdgjmNApdp,2020-01-01
sAtpYIro,jwNDeSRaZD,2020-01-01
ehJfiPLX,JQXSWzkPlS,2020-01-01
EGBQxtal,XhEiUEoJNj,2020-01-01
iHCAXgtD,nbvhvYguKM,2020-01-01
qUovhPnc,mCbJbBAfsB,2020-01-01
rhtWAkbV,OgRQJzrTqU,2020-01-01
pmuawkPq,chaxyxocQa,2020-01-01
CWwiiSTn,NNBoRzsApk,2020-01-01
xXzoSPfc,HEjzaylMUG,2020-01-01
pCKxOEAs,GLekQSmvCQ,2020-01-01
LAaZyMoP,MKwLncutgp,2020-01-01
RiijggYQ,WYVMXvOhwX,2020-01-01
QldjHFFB,qPSjRRDTdE,2020-01-01
njFOnwLi,zKpymSdkAj,2020-01-01
XxbwhZUt,hpYzXjRNZa,2020-01-01
cwrnxMGy,xyXIxfJqqT,2020-01-01
QuPTRQfo,VpuSnYtTCc,2020-01-01
quTdpVcA,gAwtePpWlT,2020-01-01
cVCvXuei,oPLAIdfZPQ,2020-01-01
BEoFqcBi,mppcqZPjKu,2020-01-01
BUOGvsZX,afDrMianuT,2020-01-01
huoSQUky,wlKECRpJNL,2020-01-01
oLTqHobp,pEkDJgRyJv,2020-01-01
xeEvfGgq,NXtMDnLRPY,2020-01-01
tQnUjyzG,GngxOLJcxo,2020-01-01
UQkykKGC,DQndZaxYOa,2020-01-01
WLxwhScY,ixZgSaNtsA,2020-01-01
GRXNJDbl,bhQGvZNgKN,2020-01-01
keIuvcGQ,XWfNyKMcSM,2020-01-01
SoMDEnQf,ZyefLJFXWc,2020-01-01
KkjXQCwM,JhLmpiNupJ,2020-01-01
gyueXLfb,PCkJyALgLE,2020-01-01
zdlfrIem,fNCZxqYCzx,2020-01-01
SiuiEhGc,KKKfRPnYFn,2020-01-01
LcDBgISw,jvKkzsLKiC,2020-01-01
twpSlknf,iSnacRNrwx,2020-01-01
zogqEWNn,lKVJvaTUWq,2020-01-01
MjqQQQow,BasnowRtvl,2020-01-01
nYqpSHKp,xHfPrgcDfQ,2020-01-01
zrSCfgdR,GxjBxvTaxn,2020-01-01
axKAcMWN,ehJgfzKWvc,2020-01-01
yXmjcvSW,XmGCGGtSyW,2020-01-01
OUJFDLid,nDdfzHoUMA,2020-01-01
uXeHxzgL,vajFavReZV,2020-01-01
lTLBznLv,ojQzeltomz,2020-01-01
nsfXmzcy,JWMnsjvwaE,2020-01-01
ZXTNhqsd,NODYWGvHAU,2020-01-01
iGQAQVwx,kvOnnqSfQO,2020-01-01
DUcmxOeL,ZSgVbNhdtV,2020-01-01
YrMltPxU,sUeLNVrRWF,2020-01-01
KJcHPOeH,mvBYvVkKZt,2020-01-01
LVWRwBDU,EJGtwOvbJZ,2020-01-01
QPkcWaDc,HPIcQrdsqn,2020-01-01
xPwmUXRK,FgJjcJgosy,2020-01-01
IeLtXtYR,yLotBrShUX,2020-01-01
CajPTxKc,NsjEqMumHh,2020-01-01
OTqURAum,pFsWchUFMf,2020-01-01
bQDIBPON,SRjReoxmmO,2020-01-01
LyCTJcOq,URGbQvbRSG,2020-01-01
WdXVyjiR,HvnNPzoALh,2020-01-01
rOOzZswX,krziZYfyYS,2020-01-01
GWpxqGxH,HtZOqAFshx,2020-01-01
ORiiqbTV,aRuxZyeTzD,2020-01-01
TtQrlmZI,KUTkoXbDVe,2020-01-01
MOeWUnyj,HaPTIsGgQH,2020-01-01
wYJGdcEM,AJzYExVhbE,2020-01-01
OKTAKpPS,TCSYfDNpZW,2020-01-01
VmytHUHE,uziTfaCcTY,2020-01-01
uXkNoMnM,BqSxZDcSeH,2020-01-01
vsKyiOuB,ygRjovHlON,2020-01-01
mRnVBQyF,OaoojtnBBF,2020-01-01
ApTrBVea,SzWXxzyXob,2020-01-01
Bihodkvk,deSmoXoYAa,2020-01-01
oYqbpEOg,STXsAIvPZC,2020-01-01
xQMqAgMt,ZQAcjPmNSB,2020-01-01
CrZBLbCv,BqamPNGTLL,2020-01-01
iiuUNFFg,jFlibUcfkM,2020-01-01
jSGIdQRm,SHWnYYLNdH,2020-01-01
qkZcanOb,OEzBbNmqXQ,2020-01-01
jQEJWvpV,ZhrlcePfhU,2020-01-01
WnqkIxXC,ReICLxLGKn,2020-01-01
yVMkuNsF,PxTIfurEUs,2020-01-01
epeTLtdj,UyKcTNWyCt,2020-01-01
IJsGlrrQ,WpTwmsomOt,2020-01-01
vkfcpXbq,srZVljDXCy,2020-01-01
nKoKjGeA,syajcJEiVY,2020-01-01
kFdkTAGk,twAxLGyCAk,2020-01-01
nqDUElVB,KnILKrDGSg,2020-01-01
weqtKhUI,KJItWzRhzv,2020-01-01
CvHLFcgu,nlnwXpiNhn,2020-01-01
mbAmfUos,MISIALeAXA,2020-01-01
eWEJbGCl,KnZnsPTXoz,2020-01-01
CmcbDNeg,vTRykNimwO,2020-01-01
rQMiHQwe,xkJHnmDKVU,2020-01-01
tEDpunPA,rXqJeHTCtx,2020-01-01
kzuyJZar,ixggGwHdxG,2020-01-01
pQFJeGIN,gckkoKyEvd,2020-01-01
fobQjIPb,YntCXgwmZr,2020-01-01
LwepEGhz,padbSrHakk,2020-01-01
HymKTvRx,CUvLPAHBUc,2020-01-01
xNqBmhxj,bZqPvVuydz,2020-01-01
RuvGMSyw,wbqEclNbbx,2020-01-01
BdyAKhuX,tdbXPcUDvY,2020-01-01
vqBmHueL,orciPgnguq,2020-01-01
UVNOVQrh,gOPbxJwSeQ,2020-01-01
ILkynacD,ONRpVVGRfE,2020-01-01
AjEyDXFy,vFReLgrJXA,2020-01-01
cPDkIRTi,zZyVWaRBNV,2020-01-01
cFSYnIEI,VRaTeSoKXY,2020-01-01
dHCSbJdw,zFGWFxzfYL,2020-01-01
fPXyPOki,plNHhwZwYt,2020-01-01
HqyRPNUp,wQkufHarCh,2020-01-01
EWTDzYnd,oazFVoDOrN,2020-01-01
mUQkbPxZ,XFOhUcmdzG,2020-01-01
qRpDYrSc,voLbhXDGLG,2020-01-01
ZvtfoPIR,bcEeEihOkU,2020-01-01
rXwoBbro,tChaSuKWAJ,2020-01-01
MLBblkfY,pHCIZVxMzR,2020-01-01
iJQoJZax,DQGPJqCxyq,2020-01-01
GnqtXAOl,VmwBahWhTD,2020-01-01
EbrmAjDa,UDVkeOgBpy,2020-01-01
IYtbTqTg,inMkXRAOUE,2020-01-01
QVmKlibb,nVlcesDtZa,2020-01-01
aAKQQEqp,oVzSxinRpc,2020-01-01
DWUfhhJF,HKbRrMwcTt,2020-01-01
kBHuCblm,pVsTmhlKyg,2020-01-01
wShHHSFh,nCvlmZdQjr,2020-01-01
fewaEIXj,xzWfMSBhgF,2020-01-01
ErBGNMsu,DlyysSkVdz,2020-01-01
lsJIvUMj,OcFxKCMfQR,2020-01-01
ssSaPjgW,MRambNNDil,2020-01-01
jjXxssTG,xvFiEvPJcK,2020-01-01
YfOFBIpI,gJNnIwcsWZ,2020-01-01
BtnKmATd,CBelQTvtRv,2020-01-01
JlRiIDnk,sOsxmcDcZm,2020-01-01
jzqZjzVJ,NRTqjuRwJK,2020-01-01
FERedEue,vJMFdTWdLL,2020-01-01
MaErSjSl,MWxojymmIo,2020-01-01
iNUxNkXZ,ZikTrLqTsc,2020-01-01
JsHXiFgz,NhGsaRbmoZ,2020-01-01
eeaCMbjS,vkLkuhAmQw,2020-01-01
TLDzOxPI,RhTgoTEhOW,2020-01-01
etOaMXGm,vRgGOysXfE,2020-01-01
FPpxhUiO,rTJIEGLcza,2020-01-01
meLpcDDW,lNTGUogwFu,2020-01-01
mFDYSUdB,hNMLMRQbHM,2020-01-01
AGHAQdsD,qyHYqmgdoF,2020-01-01
bkGByJeR,LSDrICPdEc,2020-01-01
veEhqPHQ,ZyUZlBqtQA,2020-01-01
Pipgslnf,YjMQfgGgoh,2020-01-01
HbcyUchG,EDPuzkZSJm,2020-01-01
SQxsocuu,wlTtlEQhMa,2020-01-01
FuLrQDyQ,ARKgbwkTSZ,2020-01-01
AANXMHoj,XhhPlzyRUH,2020-01-01
PMNJGAaB,cKGvYaydIf,2020-01-01
ZyEQUSnK,EhDjxhonjS,2020-01-01
UozTffsG,VlvuzTXplm,2020-01-01
WkbVeeKL,XHVDDUTQpD,2020-01-01
zfhTMjMH,KPbvnqgERP,2020-01-01
lrHPhiuC,tUirXanaaQ,2020-01-01
OiCZMRDT,fwuENiZHJY,2020-01-01
jCimxaoI,deIlgoyoCR,2020-01-01
boAUAnZh,exFDndtmfZ,2020-01-01
eZUrbtjv,XedTUQXlAQ,2020-01-01
JvxQzzeI,PJtPNvBpTg,2020-01-01
WznlpCqe,QwuoDjDlQV,2020-01-01
pHXSxjON,GggPXapmTH,2020-01-01
wcPiNuKd,JnvDPFKOjG,2020-01-01
msndqlab,LHFCOMxwca,2020-01-01
sMVoLRjx,CepupLgdza,2020-01-01
DiIIoPBR,QCgpjClVHj,2020-01-01
HoihfEyg,zlgIVwvEWP,2020-01-01
fzETNkYD,ppWXrhlXTu,2020-01-01
rFNldbmu,TOogZlCdor,2020-01-01
oRNAqlUI,RBuTfIAfYR,2020-01-01
sOihAxMd,tAMhWVqaKW,2020-01-01
FAuYkNYq,LIgTusXtwQ,2020-01-01
cddDCUvq,JUUkkpyfBf,2020-01-01
oMznMEjZ,sePpkgzYnN,2020-01-01
xWwtEvBG,ZwCjGTZciU,2020-01-01
GVeVVnxt,tMnvHEXmOb,2020-01-01
bHOgPKUu,TLRjNTVhBR,2020-01-01
LNoLTBUG,WKgILYRLJZ,2020-01-01
AofyYMjf,wllIqVsHii,2020-01-01
zsxjDOAb,PslchXnBbZ,2020-01-01
EMYBabac,TjnKDwtsvR,2020-01-01
CmItLeaq,wiMEBixFEX,2020-01-01
zUkdWIRk,pCYnHzBrmh,2020-01-01
QIccEUMd,XLJZhTGYpF,2020-01-01
fczJyLip,LYmugYbAZs,2020-01-01
FXEZVjhW,GeyNXqCtHk,2020-01-01
kRklZMss,dLqxdMfYfZ,2020-01-01
jZBdntZo,VbFBqSDiVp,2020-01-01
kgouSbUL,FnuBwxtiqn,2020-01-01
RriFEfnJ,NNzlQiaiHf,2020-01-01
aidfSsyp,rCjVwxNrcG,2020-01-01
oxkenSGw,XXYUgdeEXr,2020-01-01
IJSKrBJL,LIYQLEYwHg,2020-01-01
ZeccEMbh,WMCeBWEtwP,2020-01-01
NMFrXdCQ,bepeSiAkhh,2020-01-01
JVwntesI,zckRslUcmO,2020-01-01
uPygsEsq,XCKUYzJWju,2020-01-01
rQejbFoS,OXGpkHeLdd,2020-01-01
dDDjqSlT,MSPHkRPSdG,2020-01-01
ixUzblCk,dPLENywaQo,2020-01-01
BFjkRukj,YZzDJdRRxW,2020-01-01
NgPfbDZg,qZMOaOhcNn,2020-01-01
vaODetSt,BMswuwPhtE,2020-01-01
aYAyqAkc,FHSyioRAAO,2020-01-01
hROrcJBi,fGoYKwQmRJ,2020-01-01
QVXluBgT,JYRYxUhvzd,2020-01-01
WiGMNynu,ecxGvzFiGl,2020-01-01
XplLhVae,GsYkUyumYf,2020-01-01
NsEQsyRp,gNEwYuUHqs,2020-01-01
LhrAIAsl,gozugXpjvf,2020-01-01
pyctzmxs,aKljizeHnu,2020-01-01
ttigWNrP,fsoAmfnxLd,2020-01-01
FrAWTKiu,uRPjaYmFgH,2020-01-01
zxKWYYAy,XXwUlrnZZL,2020-01-01
FjykJFul,cQdtpIiDKj,2020-01-01
btfWYmYc,xiScwkRlCs,2020-01-01
qYdQIAiV,fTnfMDglzD,2020-01-01
rxuBTrCR,IdyPKamhPx,2020-01-01
EKAhXuZO,JdcjIMPkqO,2020-01-01
YYMbDAJx,dSbjHeEtej,2020-01-01
gQCWswzp,CzQOawpXQp,2020-01-01
cbVFmLGZ,UnkPCsiSev,2020-01-01
DaMfssJD,iQtxDdeBub,2020-01-01
WMvAktGL,BGnIueZEBm,2020-01-01
ctxNeYHK,QNpVFwVess,2020-01-01
zCiNncHL,cWUMpgkHSu,2020-01-01
KLWuSUva,sgVhDfShcu,2020-01-01
vfGALiRD,dNwqlzNPnI,2020-01-01
YjVOtoWY,tuzSuipAqU,2020-01-01
COyLIIwF,BACYLteGse,2020-01-01
EVnsdeBr,zTOTGboSMN,2020-01-01
rpxkfBNX,rEKZjtzhNu,2020-01-01
sUXjJCEL,kxxBnZcanQ,2020-01-01
FnILVWiw,YaNVzSNfTb,2020-01-01
HrDqpClx,hXTafCzpkI,2020-01-01
cOGthDZo,vhiHAhzlFh,2020-01-01
pNCIyATo,QCNjuMjNwQ,2020-01-01
OFluMUZS,tvxZkXrGrk,2020-01-01
BwHCzrSJ,cIxZUnBbKT,2020-01-01
tgRLBYzm,jKcYcsWKPi,2020-01-01
xAJRtQSh,EHqWtnnwpc,2020-01-01
WwWUjEut,UJOlomPslU,2020-01-01
uQvNrMBk,wWyWjjxVLu,2020-01-01
yXEcYhzp,DNKARiaPEu,2020-01-01
vMPnGLQE,MbHRmaeVoJ,2020-01-01
AGWEecRB,rkzRYaqzPa,2020-01-01
inaLjTXH,vlFRUcAHJJ,2020-01-01
hiwVvVXk,jPuxLqRBEG,2020-01-01
KCIiyxeJ,ZznWOoDiZn,2020-01-01
RWVdkeni,qEdqJpQucF,2020-01-01
WxfVuDuW,CHHdHNGwiY,2020-01-01
yyqrNTOe,omQoURwGFC,2020-01-01
heWFnjTs,tibhHeXlqF,2020-01-01
gJPXpIMx,LaBiOOehVi,2020-01-01
klqGLVSL,xWIxOCDQKf,2020-01-01
LOWVsCTg,GfwmnkxOJJ,2020-01-01
GZVDAMwI,bTCfqJWkuk,2020-01-01
XCBJLrFx,LoYOmJFhHW,2020-01-01
NhQMERsT,fcTFXCAsMb,2020-01-01
hfOWSYtz,PmhZYTJPCo,2020-01-01
WUSpTaoC,greoUmlxrp,2020-01-01
GTVooMwj,pSIFOlfPdp,2020-01-01
EehudKgj,DkiAuDujPS,2020-01-01
xcnZuBPq,fzBIrXKzss,2020-01-01
WeVfvSAj,cPvMdZYFTt,2020-01-01
OfHPVzqM,MTZqpRpXZc,2020-01-01
zKrOfOwa,wNjryrqFoj,2020-01-01
rRqaLnZE,cvRfhsQFtb,2020-01-01
RDyTMssa,WHBXGFMkJR,2020-01-01
jPBtzjVT,XPfbqZmeEe,2020-01-01
viglnXnt,VPzWPVCCws,2020-01-01
UsyiNlpM,iFBoWElsOu,2020-01-01
KhCusEmy,OeyjssRhLe,2020-01-01
WQVbkrNN,tILTWtnCSB,2020-01-01
cQqpWjDN,XuENWkQSgQ,2020-01-01
uXnLiHoO,zGIggDfuSt,2020-01-01
wYsYzlPM,QdECsWYkBM,2020-01-01
kixwGONa,eaaHCYuySv,2020-01-01
GtwLbzoh,MoaYbScbjZ,2020-01-01
WRFrnZpw,oitlAfuxJy,2020-01-01
bbyOCMGN,uWDJSleIwh,2020-01-01
vQoapbMR,jAMoPpXcJB,2020-01-01
BZQhmXSZ,KDUkBpQtkB,2020-01-01
TmjMChTN,JGBtefEjIH,2020-01-01
wqxYYZSj,joMBhjuFXl,2020-01-01
AJHrBGzW,NQNcURytjC,2020-01-01
DOtgVBFW,WJDgSfgHps,2020-01-01
ZbBftQZB,iDWQCZOcEA,2020-01-01
cjfPAwRd,kIyaQgkvTt,2020-01-01
lkynduxJ,qiRbKSCPxc,2020-01-01
GFAcOrMO,qBLggMDStX,2020-01-01
TKyuPvzE,lSXzCgvBZD,2020-01-01
znlYbFMD,EPEREUxuBj,2020-01-01
JmIOihgP,LFyqHfOxwz,2020-01-01
uvmthryE,NpMTYWjZXQ,2020-01-01
XkDeBTLy,qNMgVYiTSO,2020-01-01
leAPowDR,ouHCbrclQY,2020-01-01
AVePGfrR,mAQhDJBEKa,2020-01-01
iPMDXaom,hGnKwFEWxJ,2020-01-01
yIOKHaDG,AHToyCKisO,2020-01-01
YCuaoRUu,iKaqEKzHWR,2020-01-01
sKrRWckH,mXQpUHhueE,2020-01-01
srIwiwxH,scnRQqQjNk,2020-01-01
EnooBHrD,kOTgHkVxEY,2020-01-01
FDSbKdKc,yzcQYnsmtU,2020-01-01
fkTTZzFO,WfMMzXnZkp,2020-01-01
ZojziDmY,ImUnVIkYeg,2020-01-01
vCZXabSL,aSRPTfXDYV,2020-01-01
jLSQLroc,ILgtXssdoL,2020-01-01
mOvuWwbn,WbvytyAbBm,2020-01-01
BoBbCxwi,tRiBPBwHqW,2020-01-01
svvDBHxk,bImdyhsUyP,2020-01-01
XxqxXUrC,rqDBQrazky,2020-01-01
ZuBBFDLB,VqamOwfkeg,2020-01-01
RpaeMFVH,fhpvxGbxpu,2020-01-01
GjxJGeEK,MZnezAHkyS,2020-01-01
UUrIIdxF,kILqjrNaMz,2020-01-01
StqfWsqr,yvlavhgmAx,2020-01-01
jboMGSiJ,fhopfqhNjm,2020-01-01
fgPejHPY,iwcRiajMLw,2020-01-01
FUbkjgEO,UuNkKaJmmd,2020-01-01
fSkjGrzq,OCcVZvRzTx,2020-01-01
XVXJVeGj,bGKdWSGkEm,2020-01-01
VZTZFjbH,WyHBDGoGRI,2020-01-01
MhfwIexU,IvmeOEuDHn,2020-01-01
EsIMOoVA,qUoYlgOlJR,2020-01-01
JYnrRIjY,UtfcOagnnd,2020-01-01
jWmkCUOO,ZzaRMNCwZo,2020-01-01
yEQyKKGh,jWzkgjRCdn,2020-01-01
BDWremJK,sCXjAFCDNc,2020-01-01
rPnRbByE,EFMRKlkpvo,2020-01-01
BKACTtbo,rsGhsejJdv,2020-01-01
tnTItxER,xwOYvgxUiT,2020-01-01
jmfVUlma,mYJsRtrRQx,2020-01-01
LICQMGKq,fiXPmidcZg,2020-01-01
bEEBXssr,eTBqAaROOS,2020-01-01
AJLejLFZ,XNYfLRoHdj,2020-01-01
cDQcSKNe,pVWhYIpqkD,2020-01-01
GoppfGxc,ZzSgAKZHDP,2020-01-01
VznEpxCa,OGcHCJkQww,2020-01-01
wbMocWVF,QoAZLFocbr,2020-01-01
GtZQpLYq,TpUjWIHaqq,2020-01-01
jdClHQnL,wmjWLvNKyA,2020-01-01
KMpgKybu,njvQbuxSoc,2020-01-01
VMXSgXgX,pnbXerJuaV,2020-01-01
RhthriwM,HyxqdbeeKu,2020-01-01
vEMjOdep,aOzssElOxW,2020-01-01
NfkozRgG,mkhDAADjUW,2020-01-01
LXfImyQB,wVroYPajBY,2020-01-01
lJKoiqQV,lSKEHoBtuB,2020-01-01
DbXFkYCw,NtwTrWhqyo,2020-01-01
QFspVvGA,ozMpfvpmFx,2020-01-01
pliemDwT,sudSgEzDDD,2020-01-01
FYsGGxdN,aUkcDIUtdM,2020-01-01
cSxvZnbq,cBcZqSTiNa,2020-01-01
QcFJSUpC,RsKJhHwsIp,2020-01-01
FLcXqMnm,ZIJxLIHUWl,2020-01-01
hmwVjvTq,QWSXaEavHN,2020-01-01
iCnttAaU,DvJKcCfPuG,2020-01-01
QOYDFODX,xIIRKZejRx,2020-01-01
eOWjZAGR,upHAdxyvKy,2020-01-01
DCmVbbyN,GSeLLIVCAI,2020-01-01
GgKicoUc,QTGoOkGoMR,2020-01-01
fEAcSgSh,gGqyXrwnKa,2020-01-01
GWnLnHkf,XuJDpctSbU,2020-01-01
oQBBXszx,ycsgXTDGCY,2020-01-01
hTbzkrtU,jEdMdapMvy,2020-01-01
DSxukxdg,nbqWYKrOcN,2020-01-01
JZliUwHg,yVxvTYdjqt,2020-01-01
UWvKAIce,UGfUReilsP,2020-01-01
uSrGtcsA,boZobeVxqr,2020-01-01
eeVtGhyL,oaCqOEJhXP,2020-01-01
tyCoGEEx,jfuyEMkjVJ,2020-01-01
anJMKToJ,xXrrVgzyur,2020-01-01
mPfZxGeM,TdqwGESyfc,2020-01-01
FoNFRVCl,BnNXZiPfDz,2020-01-01
PHsPUdJO,ZrmjLDqItb,2020-01-01
isLuchwq,IHYzFroXTS,2020-01-01
RFpMCUFF,FxVUQVKNDk,2020-01-01
BwmrbUkY,CMGAtUEvhP,2020-01-01
fQSBnaWq,dwhkmUPeyd,2020-01-01
RDHpJOSk,WlMmFbicRl,2020-01-01
ErUWxXZI,BjeZhKOTSk,2020-01-01
LDtlflBw,hrZMRDIgjy,2020-01-01
cPOGyXso,xPuXxJgFpC,2020-01-01
LYSnGAig,uVlhBpawqt,2020-01-01
NGWiGPpT,PBHxOTKFNr,2020-01-01
zGGXhbvz,UiMKPoNJye,2020-01-01
dtyKnATX,vTTthnpafA,2020-01-01
xrTzOBrl,LvebeacTCM,2020-01-01
XrDDhDJr,MZKDeIUoEW,2020-01-01
wucOBKdT,pdTHPdbvlq,2020-01-01
gaLRdLOH,KsYqPtffqe,2020-01-01
EEfAOdib,ANthHklTPk,2020-01-01
vApzYWMO,OUBgpOQmKi,2020-01-01
HqSmqfNS,yjKPufWnjf,2020-01-01
TSlwzpHq,ElAkjIdAAQ,2020-01-01
krERdpuI,qpIMLBPPoX,2020-01-01
Zdjjeuuy,ZYDtEYZYZI,2020-01-01
HpPkJfui,ovCZnqgIgB,2020-01-01
HLwJxzkX,EgNxRqIaYj,2020-01-01
bysawNSj,zmmUhPwGPq,2020-01-01
wIavTXdN,ltzCTsEyjN,2020-01-01
WYLuZiLQ,RvWcqNdZWe,2020-01-01
vqfkVwGu,aLWLkcXGcE,2020-01-01
MLQHJWTQ,rWRzHmqDpM,2020-01-01
aCpxOurz,tguVHpwPBF,2020-01-01
RtyYYiUf,tUkfdEFhug,2020-01-01
BUPNzthq,tLaFrZqscp,2020-01-01
GRisrxlm,hJnmZjgJqA,2020-01-01
JhRxrJHR,YyGczpeqGQ,2020-01-01
seMzPojY,DZXIctmAWy,2020-01-01
YLXOhVuY,KcuuZRTTFK,2020-01-01
wHcSrAxB,HAISIEuedP,2020-01-01
CUAaPuWS,tKzQWQBjdH,2020-01-01
yNEZKlds,ymjNyhugNe,2020-01-01
LjEgvNSB,SVMzqCiNXd,2020-01-01
BQrtVhOT,EdmAfAWVib,2020-01-01
IVESCJew,JTywCeTuMl,2020-01-01
WmRaAdmA,dYRjhRPYNp,2020-01-01
vlKzSVZI,NRczEMDBeb,2020-01-01
iWZjKPzz,RrIGtRxsxg,2020-01-01
bewesffU,XmBplHkyXY,2020-01-01
QIxATuFY,tSYiXKhzkj,2020-01-01
dMZoKuQy,UkhRAzMXin,2020-01-01
AhEYvudL,KoybrdtzbE,2020-01-01
yiCrCPVb,tmVihyDHbP,2020-01-01
maYEyrWL,xXokqJZYWI,2020-01-01
rkAuaIqA,WaBDCYXsLD,2020-01-01
mFHUXqBM,TzFkNVOhQw,2020-01-01
doKEaUFF,UotvELhQUr,2020-01-01
xBjjwVeG,XfcWtcfjtx,2020-01-01
xtHFfffA,lRWvWqQKzC,2020-01-01
VvbVGADP,DnHDtPtEMU,2020-01-01
WuPgtJTB,zTIhXvNtVN,2020-01-01
wRoxPmzf,GsnLeTmVfw,2020-01-01
UJIDUgng,IqrbKFxaQc,2020-01-01
eYVOsaMG,FJdKMNqiGb,2020-01-01
aqOLERfQ,jDmEjetQLP,2020-01-01
IFvodiBf,NMURVsbRGy,2020-01-01
SNBEgLlv,qyyOGhMBXF,2020-01-01
tXSmzaEt,PUTXyeLxYQ,2020-01-01
lGDwdpyX,BIbUexWLKr,2020-01-01
ZclmqFIM,NWcykjoZWK,2020-01-01
hWqfwdEb,RYmxKomYHK,2020-01-01
LDucUGXI,XMBbFzkxdc,2020-01-01
IqePiYYw,hrLRwmVTdJ,2020-01-01
iEYqPGeR,eZxwofmuFU,2020-01-01
TVEkaFUk,ysvHIGqUth,2020-01-01
JmYIkgWH,aDgsbwBVew,2020-01-01
tzKGgOxg,UxJPrNqGGJ,2020-01-01
EnQDuxqn,kaMBVPZXps,2020-01-01
TCZmISfk,hiAWzXfSjO,2020-01-01
KDQsuAHR,DAzrQcUoKJ,2020-01-01
ioETwubR,EcreNnGKkz,2020-01-01
itAzVzju,iPZEnbNkYF,2020-01-01
rgPLiNuX,SFfUTmSLqN,2020-01-01
wsCKhqSx,UWIoxvGdwf,2020-01-01
kZZXtcJu,XJSSXkULba,2020-01-01
SlrlLNsj,yWHBACzQQB,2020-01-01
djQsiZbd,nRnpCBvzhL,2020-01-01
UGIUYAKc,kCOdQxKVVM,2020-01-01
TgIBsqkD,VPOGSVHPDN,2020-01-01
WbkCXpoI,fHnrpjoPAV,2020-01-01
ZJzoaaKL,rxSvCpvuYw,2020-01-01
pwqYLxRe,GfUuzRKFwz,2020-01-01
kIYzTygh,xNCxFKviUA,2020-01-01
UXpPPiTp,xjGJQcxmTa,2020-01-01
oHfjWRJo,zyncWSmPfK,2020-01-01
wpULkwmi,XpwMYgWzwO,2020-01-01
PMcGTFQL,HeGEpJswVI,2020-01-01
KqAEIMwk,nXORuFnpyc,2020-01-01
IoZjolcI,RGaWpNsBbg,2020-01-01
soiNRMgw,WYunfCiWBP,2020-01-01
XStKOFQU,jfmdlDifTr,2020-01-01
XmQgYxlw,QnTsyMbVMj,2020-01-01
gaGzVhEl,KNbmTOcGeA,2020-01-01
MqCLBZuz,fvkMqaVrVG,2020-01-01
WZQnJUjU,zlUIZNWXlG,2020-01-01
OuAHsYWO,liggdOQgJx,2020-01-01
ENnupxCu,kPPGqjyXvQ,2020-01-01
SIMfiryT,eAJueJcbtI,2020-01-01
xSxvliKs,JYonIRHrfz,2020-01-01
afQOHCKU,BbhlGgwAxn,2020-01-01
toegusis,UjWKlDYoAh,2020-01-01
wcjLNgnH,GcxMROunQe,2020-01-01
OTDUnXAJ,vOvzShxEwb,2020-01-01
cUuflqMm,nIkUMeLsoS,2020-01-01
NWucDXbp,LZELNOEeRS,2020-01-01
xpKDQsuA,OgXsWZKkny,2020-01-01
kyGwaAXW,vMifcjndwz,2020-01-01
tlxmlnnN,jmbDNiFwnE,2020-01-01
TbdRfPLf,QCdheMsjWK,2020-01-01
EuWFlLHQ,XAIzUDwpjj,2020-01-01
iyFdgxsM,vpHXtARQEy,2020-01-01
yFUjFyGx,YMtmnhVXxm,2020-01-01
MnTIVgBV,rJtnVhUoIl,2020-01-01
hPyFvZXw,WBJRWwcvIL,2020-01-01
OSAzKvTD,zxxnVvPCKC,2020-01-01
EreWlqPr,UJrQkWpWLP,2020-01-01
fMdOUkha,nDzcvSwXKz,2020-01-01
JOTrSXsC,cNkVnDNetJ,2020-01-01
oHAKzZpV,XAKHhUFJTb,2020-01-01
JLpmgWVT,qyToCSeidv,2020-01-01
SpWqOOyC,HwcELjUJRs,2020-01-01
ciLawDJw,kwmjRIdcNT,2020-01-01
bCNcQmgV,MqIugAtIEG,2020-01-01
asfCFbpZ,PtavRYTngc,2020-01-01
BuagvyhD,hChthoAJbb,2020-01-01
yqzSbaDU,SFRSYwyHUw,2020-01-01
ZqwIHJOb,ipYJcOhhEa,2020-01-01
mvjnfKTg,ixkzJXliwE,2020-01-01
fzPQtikm,XVBIztvvop,2020-01-01
nsTRCzhx,GZjFreTBCq,2020-01-01
ivlEgIlV,TeqECOMJbG,2020-01-01
uiEPqwlK,dWqDaRHhSk,2020-01-01
fNvCoFOX,BTpOXErfFd,2020-01-01
lwxobCrv,uYsiMklMQi,2020-01-01
fBBTCKeJ,WknIoHlUWL,2020-01-01
PsAjyXpn,JwMWCsMaIa,2020-01-01
siPmUtgy,ruJCcORrpQ,2020-01-01
OWgRZWuH,LpoyeMFNbY,2020-01-01
eHKcOGDo,iXAEhEYbnT,2020-01-01
WcpMvpHe,SRezBkQTSd,2020-01-01
RCzqzWoN,bELlMxdHeR,2020-01-01
KHLLEtlv,TTBfmqGWXR,2020-01-01
bxtiWhwU,RjMjOqzfih,2020-01-01
lPWwLGRT,pjhbzAjprw,2020-01-01
SWjXSHHt,CzQXjLurXj,2020-01-01
KpmIjKxF,jLzsJgdstE,2020-01-01
jupxEkrJ,SJSabGdVRR,2020-01-01
fsIRYcFo,owkpAKglUA,2020-01-01
KJcJtlzL,FIplOYOtPF,2020-01-01
XsHNNISx,FcGXAyZjjD,2020-01-01
kZnxRTeq,YumxyvVYGD,2020-01-01
rowEPqqJ,KyUAqjpZKC,2020-01-01
gfsRCyzF,hOcvRAleOu,2020-01-01
wYuWpREa,yZcTRhzIEp,2020-01-01
DthUDoIC,ktJaNkSakt,2020-01-01
jdrHSMMY,LyfSJpVnWJ,2020-01-01
SYugerLo,ixVrBoHgWI,2020-01-01
TYfERVcC,wKxmIjgAhI,2020-01-01
xmUSopNz,wNBLiuWqKV,2020-01-01
tHUvGwnZ,SagEWFdJnj,2020-01-01
EzMyoXrG,eUoUDpzObb,2020-01-01
vqKpuHUS,zRoaYkKhRn,2020-01-01
jBMLzKTe,pDHbuVsDFv,2020-01-01
BNDshBWM,SaWLjkcShC,2020-01-01
axFHBjNt,GXtJNIpCUK,2020-01-01
JyVsMDHq,rtSZNpMiFJ,2020-01-01
ERSGBTlY,NeRIflHgat,2020-01-01
dgyrfcKP,rrFfPcRClr,2020-01-01
dIVRdqQe,TTXoQknpKW,2020-01-01
YwwygbUb,YoLrBpqZZx,2020-01-01
ASqZPRPg,mzDilMZyPU,2020-01-01
yrjFBszJ,aiBRGEjiMF,2020-01-01
fGAImbOh,BgDgWtLDrz,2020-01-01
mkftfvhn,uUBaBnilcM,2020-01-01
GosZsPiB,mgKlyOcKvN,2020-01-01
ekqNBVka,BAIOhgBGFa,2020-01-01
yOVQdrol,LQLwCKZKgZ,2020-01-01
ILdeQrIv,OeClfButCk,2020-01-01
MxcTbhIY,IiqdZvWRWU,2020-01-01
oyfCYzhg,fuWVnChgZq,2020-01-01
deCiHzYi,CtTAHFthhI,2020-01-01
zjOpwuBg,txOKdOrdag,2020-01-01
OzdTeaqw,dzBTZxPbZm,2020-01-01
ktJTMZdj,HsTUvrUPla,2020-01-01
BAxurypt,isQoCtThRg,2020-01-01
nqXgbHPX,OVCmoHJQSW,2020-01-01
qshTOFmo,fhdbkGsjDq,2020-01-01
ndGqNIwS,nNHnToCBix,2020-01-01
nbPTAwlk,ZhzXuxLMpq,2020-01-01
dYTjwHrq,EdMTVSGtwH,2020-01-01
UBzxZLDH,mSKbzSYMOx,2020-01-01
HqOHkVni,DkouUmTmFh,2020-01-01
XqEmsiiV,wiNwNnAuAl,2020-01-01
pRfGkUFJ,EQyCtYEDCs,2020-01-01
VzatZXGM,UcPtqnkntZ,2020-01-01
UdTUrROI,NlGNPbpiaf,2020-01-01
WdiublIQ,BKJqzzDRbl,2020-01-01
KhTZHcsP,pPoHVuThYr,2020-01-01
uznqYkse,fToRppnPij,2020-01-01
zxfIryPK,NpfIYpSpNM,2020-01-01
QOxHVpVT,dTZVpaEsjt,2020-01-01
VtQBsgLT,QEXGgaPSBR,2020-01-01
GgcxnBbF,mrXKwuDsTd,2020-01-01
HQpljaOo,SupsZowIvr,2020-01-01
FlBZEtuD,yaLFqyandU,2020-01-01
yMexVNzO,GIDxGVtiPw,2020-01-01
UoOljNYV,izshsWYVFT,2020-01-01
VJndkUnl,kCXmZDKyfT,2020-01-01
IfmrasFh,fxNXfadaTG,2020-01-01
audAfune,BJtHfiIdWc,2020-01-01
PokuIAVK,XgHTZOmccG,2020-01-01
SopdGWHc,dpfhIPainV,2020-01-01
HpJubgkR,ezqafHaNFl,2020-01-01
CeYuctvx,WutZoqtmxP,2020-01-01
FLPWdvxN,REqBzRprka,2020-01-01
dpYpXTxf,NyVYuoNiEY,2020-01-01
vFmmXSgH,qOXIhazEGU,2020-01-01
MtYTFSbK,AceExiWMzH,2020-01-01
tGLWTfut,AUvSEOJdUf,2020-01-01
szXqzket,gGVVKvkPEf,2020-01-01
MPToYpZO,ixXJSjGvNc,2020-01-01
ELZdYunr,FHYFXZVHiO,2020-01-01
gcLdTwpg,acxUbuEIrB,2020-01-01
ZCMoTlWu,aWGtwcWUEM,2020-01-01
SAruxfPT,MhMmMvpcve,2020-01-01
resLXTiw,EkqFKMFtvt,2020-01-01
ZNrfvNNN,RgMpZznZbm,2020-01-01
rqUwdncx,CbYoljxIJH,2020-01-01
CCVpDGjU,iiUwPEBzmu,2020-01-01
wicmaGor,lqOyDlOPFm,2020-01-01
tJHBXVOa,hoOpPKhXiq,2020-01-01
trhQkDju,DEhBxuaFFP,2020-01-01
GIpWfOfU,GSeabmaIFn,2020-01-01
qvLWrhWl,sqZsXQAHkE,2020-01-01
sXqrXaJe,oxMNdxfmVj,2020-01-01
kGmRDnxP,jasSXgPRJc,2020-01-01
iUWXdhGo,weGkMUnOQG,2020-01-01
vYCgqlkl,NtqmxsuOmG,2020-01-01
OswjxkHF,TbtrXkTvXK,2020-01-01
MTdVCakc,cMVfpGPEud,2020-01-01
aninicru,MySEoJHVqx,2020-01-01
Iygeuwlr,CIMhXzviiC,2020-01-01
SmkiYHcJ,jmUqAKsAym,2020-01-01
mTKVfXEB,dFHIJXSGJv,2020-01-01
rynRGTwY,qKBZPaEiOP,2020-01-01
eAVefSZj,kJyOfXwGwy,2020-01-01
OFyxUUAH,svGQuEIfQA,2020-01-01
PVPAGMvR,sndCGBOePn,2020-01-01
ZQDiBFLC,QzMvEbhAHB,2020-01-01
OPPlmnXC,HDZycWPzdt,2020-01-01
nIahXmKz,uAvQtDCrGk,2020-01-01
cJuMcSwQ,sqOPJYDrYj,2020-01-01
SZPCYisQ,SzhLuQqxql,2020-01-01
tkASvrjC,TJFEqxqnSi,2020-01-01
UnKbCaUB,CNLLkQWOWO,2020-01-01
rszmKNWC,MkitZOEAum,2020-01-01
mTUUEsKH,dzMAiGRpMO,2020-01-01
AazekDGK,VArMTsyiJm,2020-01-01
nlpriidK,cOZHIWuHrM,2020-01-01
NylUOyAA,LzHUfkwuHl,2020-01-01
xIdFBkoA,qmcUoeHnLL,2020-01-01
qfcDVmpw,KtTmHkXBrE,2020-01-01
uyLrdCXI,hBRyoODPAl,2020-01-01
VtDMYkKV,XfFhFhkoUO,2020-01-01
PReKyoIJ,nsCxLqpUaa,2020-01-01
adlyLKAe,qiFiaVbsKO,2020-01-01
IhjUSRIF,rOCasBRpsW,2020-01-01
LFkihnQH,ZnNsatqEoK,2020-01-01
TxHBuGhx,CehubCFKwc,2020-01-01
vKHLIFOy,fMVqBFYFZG,2020-01-01
zOJYskIv,yiyfoGMaPV,2020-01-01
qiCIIMOf,uHcNIMzmSz,2020-01-01
VsMBmeEd,bEBpAUPulr,2020-01-01
HJNtCQcW,FEFuYLiUhO,2020-01-01
ztLDvnEG,iYbmpPNXzb,2020-01-01
gPhowuST,VgYSsaKtun,2020-01-01
PsajKcKz,gbZQNQXrxX,2020-01-01
sLuaFPlc,KRSQquAOzZ,2020-01-01
pBHDcyIU,PKuNHqkjXc,2020-01-01
crxCvFIc,BfYNVbqqmL,2020-01-01
QqlFfosZ,hwCucamPAO,2020-01-01
ZJxiyrgA,XEPIdsYZVD,2020-01-01
uBoHyvDB,DpIbRpKkJr,2020-01-01
zcpdHyvX,JTXNGYEYGp,2020-01-01
wrFbzHHB,wVlBvNdGRn,2020-01-01
SgYKVphm,QTenvouiYz,2020-01-01
yblNaYdP,QtnhNecOHw,2020-01-01
ftueaKDe,gpUZxggoLC,2020-01-01
xVzRIVaM,ZXRjvwKYiT,2020-01-01
qjACllZJ,DMkAJKeEFe,2020-01-01
RQRLzdcl,zyfusECLZJ,2020-01-01
nlpAzaKG,ELWIqcfyBn,2020-01-01
InQYgHlE,BHWIFvVjQi,2020-01-01
vyArJBrc,jmGCapuCdW,2020-01-01
rYGcRPaq,XirtqCDDyE,2020-01-01
dRhgTVAQ,ixCualigMu,2020-01-01
XZgUascY,cEmTRyiBlO,2020-01-01
QKSeftJB,qzybKSltMr,2020-01-01
KZlJoueF,oAGROAtVlp,2020-01-01
CpeRYFwg,QPpFEYUckd,2020-01-01
rbfwZiMv,XcBytdWWiD,2020-01-01
fOuccPri,SUqHfywwIv,2020-01-01
qQaUAdtW,putwjqXiZP,2020-01-01
wmvbvWqU,faynbLibBg,2020-01-01
bGFiaUhK,bcvamsUjkI,2020-01-01
KJUGiPZu,riqEvSqoyA,2020-01-01
SZYOzKuI,VgpczlpTgC,2020-01-01
BTeiZOrr,YiTgPrNFoA,2020-01-01
eFNCepjW,QKSaVJdIoN,2020-01-01
vLMlgRjr,adznnXniea,2020-01-01
SQsWTvqe,ErIPgMOZGJ,2020-01-01
HvySQPTR,xEauLWNjgf,2020-01-01
pMJynuSl,cCObseCgGt,2020-01-01
AUpWibSD,BhcziNBzDB,2020-01-01
WdqtaiEN,XAgnsEKCGP,2020-01-01
FjCvYdzv,kZTtcDOUHw,2020-01-01
pMHfeQRp,fCLuSlRYzF,2020-01-01
LdVJoOrZ,TfnSfzAiUF,2020-01-01
GtlQCuvN,WjLanAThyX,2020-01-01
jfmaWLci,NtFKezdDvC,2020-01-01
SexMdIVI,uDLIbugjWP,2020-01-01
YeKyjyiO,nVSkHGOCwc,2020-01-01
SQbEecOl,gOLcxNGFWv,2020-01-01
CmniKGKo,RQXQCUnMIP,2020-01-01
FNVymCKq,MzwFXHHUEd,2020-01-01
jzYqbxrd,sNsxRouFla,2020-01-01
TcnTVWjZ,snUEnWUTBa,2020-01-01
FHajnHZZ,CpEPUElsiR,2020-01-01
bnqQbXWB,qIHurDxGxo,2020-01-01
VdXIiGjd,KdWTpFhzpT,2020-01-01
PBUmZKHV,ymmzfJvwyh,2020-01-01
PrmcrfWU,ucZpgeMSKr,2020-01-01
IihTFGQU,qzHwpNhxzV,2020-01-01
RIslLxPx,gcPWfUCukX,2020-01-01
pFAAgdFo,TplEyUvpLn,2020-01-01
NIdreecD,MLNtYElxhK,2020-01-01
PylAuAAW,lfceXhaxbc,2020-01-01
CnoJdHvR,BKbrjuvpfQ,2020-01-01
wczSiztH,GSxzFHCKKn,2020-01-01
deLvsthu,pjnAQLWOpc,2020-01-01
sNsSfEPG,ZvHRpoRIje,2020-01-01
AttCMrmY,cYcMrxEWLi,2020-01-01
WonPkFme,TBoSZBEBPE,2020-01-01
EqUHUTCZ,hnCmdWJunX,2020-01-01
GBpisLFU,jlINFQLIxZ,2020-01-01
JgGmUAbG,ReqnmDYGtb,2020-01-01
rvnvjWbg,mYYhQjMnzs,2020-01-01
DMbqkxfj,TZAFZgQrDA,2020-01-01
IdmVUQYQ,VDrAZdkgpg,2020-01-01
NaoRKTHD,KVgeucMmmq,2020-01-01
YONLTbjE,RhgmPTTYEZ,2020-01-01
bWmzdNeT,pQEtGrjCBp,2020-01-01
jkYXAbqe,gPpzjFSfOf,2020-01-01
gfzKvaRU,gwYVYSwanV,2020-01-01
yLiCfAdi,lfnrDqkuiT,2020-01-01
wuMzSSgR,PLUJESWytJ,2020-01-01
STuaLUqg,vQwUntfhjd,2020-01-01
zkHYyVoe,XrVZhSEYZc,2020-01-01
vNNXmiwf,ISxAqbTLGe,2020-01-01
nBlTBLWG,FMjHbVvzxd,2020-01-01
YZqYOpbA,lGlyXlZBFq,2020-01-01
sgWNQlqi,ycBEYsZRlM,2020-01-01
WlqNlLFB,TQLfGrEBgG,2020-01-01
fUpJiVfp,EwbgRDRBjr,2020-01-01
YbJIWsZF,uVsSlVvOMd,2020-01-01
niTUVDKU,oZENqjkWxG,2020-01-01
tPfJJhDV,fjzBvPqBMX,2020-01-01
WfzWNhRz,GkMsVVUVCp,2020-01-01
ciiDsKSg,QzmJHRJPMt,2020-01-01
wRYkAVuS,fIhacGXxsZ,2020-01-01
XiBtBUHy,ZJAXMfVnWk,2020-01-01
zWWiLKTE,IfRBgHojvv,2020-01-01
FXmZxytc,EkgdyCavHR,2020-01-01
BszswCzS,nUjuHamfJD,2020-01-01
bhgsVHAO,VVXsWJvBcA,2020-01-01
OKPKPzIW,PRHRZnyuPb,2020-01-01
jwWfmaVf,qVfhRATKAM,2020-01-01
VoVbGGVq,QrwHbaByEN,2020-01-01
KnBbEkGv,SVpyvbUIFG,2020-01-01
RWKKnaej,HEZkwXQpub,2020-01-01
ROjDEbQU,XvSXhwNjPh,2020-01-01
CDasZaMT,isLTsoxpUx,2020-01-01
pFsfWufh,lHQrRgJjSp,2020-01-01
tqzDwABQ,japeYnGGfX,2020-01-01
qbSgTnkW,dIJVwvSJDH,2020-01-01
uxHjyNVt,AnSFYfWkGH,2020-01-01
HWPpuQeo,nTFdhafjpy,2020-01-01
QXHoxzVY,DPxZaQyzqo,2020-01-01
UkDALvuB,gmSTolvZUT,2020-01-01
GiFrpOyP,gKlrwlobsF,2020-01-01
ipSZpgzV,iVkBVymKyS,2020-01-01
buQJwEYL,qkHLfPfTzE,2020-01-01
mozUmgPW,KadMZeYvqI,2020-01-01
jvBvDgtP,vnZBmEtzRt,2020-01-01
GSBtxfla,fIxHiCbLwe,2020-01-01
KbKBWnIV,GmwlsccaDP,2020-01-01
wZsjugJA,JKqxocbADh,2020-01-01
LyGgRWhn,kRLirDniRw,2020-01-01
pStafnhb,OckyQYXvOm,2020-01-01
jgmyFuwv,qEkNNeVvQz,2020-01-01
taQhOiDR,vzMMHHhouv,2020-01-01
koyxkJvh,chhgqQmqkh,2020-01-01
VBARWyaI,JOAQdGnBuX,2020-01-01
VtqcILvZ,HUoRGqrDxW,2020-01-01
XgIQChdX,jzOtslYmQA,2020-01-01
txlmgqoE,zJpVOnsJGK,2020-01-01
JpkUSLGF,VVBUcFFrfF,2020-01-01
EjpzfspW,IqHFSiokxe,2020-01-01
mqUUfInh,HvtGXRoZps,2020-01-01
reaKWshU,cbgWFxSkYf,2020-01-01
yxDaNQHO,yGMPFeuFLh,2020-01-01
vNLBawMf,cmsjABAMBn,2020-01-01
qxSFAetq,ygLRwRswSM,2020-01-01
KaWZOqsY,OZmvREVReY,2020-01-01
YzFytHMh,RymUMHWJmd,2020-01-01
dPnkTGPw,vZgKGyIXYc,2020-01-01
ylZOnMUM,duNEKdrzde,2020-01-01
qpNfHXbD,pViDbIGSaG,2020-01-01
GNmJpsRB,sjCqxajRRI,2020-01-01
yTIkccET,Ssdwpvkmmx,2020-01-01
BPMWvhPq,kjCefdTJdV,2020-01-01
ankmygTa,ywGnohfTWX,2020-01-01
dwHuTPnj,webuJPGmEB,2020-01-01
OZJPKkLa,iqrLnHuvXc,2020-01-01
lsutEAMk,DkkISNItFa,2020-01-01
rLxiXrUF,CurzkrySip,2020-01-01
yipXyrRu,RRmHInSrkW,2020-01-01
kzEvzOeh,oCvOkoovmY,2020-01-01
rRhYNPEx,CVvVbYexYw,2020-01-01
PjIFOfwM,HsDITvmVEV,2020-01-01
wrMKgskU,rtHWTfStHh,2020-01-01
SfylolkY,TdPccRTpXy,2020-01-01
McatoYOI,CMRBmhomsq,2020-01-01
Ofqpamsv,tpkqimEsXP,2020-01-01
SIJapPWB,tshuvTqRdb,2020-01-01
iulHBHxa,QSvaqghcPY,2020-01-01
JzgimxUs,UXEfWqKlXj,2020-01-01
IGEabnZm,svsdywqKTa,2020-01-01
dgNmQNep,vsrgNBnFri,2020-01-01
OgLLStrB,eLVWSYOdUD,2020-01-01
MvRpjdId,pxbkvKcfeM,2020-01-01
zBGdnizD,bGicxQGMhC,2020-01-01
sKKpmHEd,SDNwtEdmuP,2020-01-01
rXbXHQOY,bVLlOYpiiT,2020-01-01
EydERtab,BRPEqWgChD,2020-01-01
ErOMtwxK,hXbsoeifIj,2020-01-01
ThmIzYHK,bpVhsXuQRo,2020-01-01
YHGDIYYc,FWwvoqegwq,2020-01-01
lDsscItf,WSPsDmpNWZ,2020-01-01
JiCHrZtW,vGMOxLhKhz,2020-01-01
jcdJIsLn,MeKEJMwkjl,2020-01-01
XRgpscJu,wWmqIEiJjY,2020-01-01
kBacNXQH,qOilBnKGZN,2020-01-01
pVkExusQ,ursSwqllJu,2020-01-01
oQMaMTlF,kjGntCFRzU,2020-01-01
aIjqeYRU,mRTUTAygyJ,2020-01-01
PETCYdho,QyWeTkULgr,2020-01-01
RyfdJlAS,ygRaFXYtdo,2020-01-01
wyiaCBAP,VNftURIQWp,2020-01-01
incvsnxz,vzhFfgDRFX,2020-01-01
RaQSrlzb,DjpaknoHvK,2020-01-01
oDYhnTyB,qhPVxKcEnT,2020-01-01
sqGImtgo,ZChgQXEKiB,2020-01-01
ZpeLopWV,ODXOtuKPLc,2020-01-01
brsIvwob,ZmsfEiwZLr,2020-01-01
jaDrcnNK,FbqvSMEhSy,2020-01-01
ZkwIkBhT,QnoTBxlOnD,2020-01-01
jplrdneM,SgejVeTYDx,2020-01-01
NtYogGme,VuIGYHKoBy,2020-01-01
qjwDaVga,UyKTUVOJmQ,2020-01-01
FYsWqwAs,PsZOHREIOA,2020-01-01
isYhfeuF,zJpBIDYVLP,2020-01-01
rnkeKvlE,UKTeRqxhYO,2020-01-01
RsgAdmYk,MOGPcbjiQu,2020-01-01
MYVwlwLI,AhPFgWILMZ,2020-01-01
jraYLiVG,uKUKsDtNCt,2020-01-01
sYxEwzcp,hCFPglVyEc,2020-01-01
gCbRPCts,nhgfBCwwKC,2020-01-01
iHhOoyzo,QfeStjAqBS,2020-01-01
XThvAKSp,pqitnsxFjF,2020-01-01
SaznMvEQ,aZGztfzuzN,2020-01-01
jQpzXKmP,EmKHnBPBhD,2020-01-01
IGifSzsg,zXbsHJoyvr,2020-01-01
SfkdwEcN,LLnlYuupNK,2020-01-01
gJsAwIIi,IBwrNbPGYn,2020-01-01
DaOzbfgb,qIiXfOLEBD,2020-01-01
MTsFkmUY,IiHZhsZISP,2020-01-01
FlTuGLaj,jYgwKwrysR,2020-01-01
nCRzNJUk,sthcasyxhB,2020-01-01
ToHyVFdw,OboIGDtWnF,2020-01-01
NDPPqLQZ,nqwMhidfdY,2020-01-01
rVFrKsXp,KiYSNGpljc,2020-01-01
QjJsmHKK,HzcxjaLYaO,2020-01-01
VqCWwZvT,VOfCVYHdjB,2020-01-01
raLEyjiF,VvrMthCnLK,2020-01-01
GRWTyOJe,WtcTYrcEyq,2020-01-01
jtFDlWMR,xotkeXEcHN,2020-01-01
yVPcwdco,fYFsiTEJwX,2020-01-01
uEJtNugi,EonjevzWez,2020-01-01
LsGGJtWd,JCBhxWTQkx,2020-01-01
yfYAHpUH,MJdyPERlAs,2020-01-01
pfBINcoZ,mqkLCFhofK,2020-01-01
yNbdrwmE,ANSQQLkwJc,2020-01-01
oCGwVqVr,IOVkgBTwfy,2020-01-01
PGkOscez,TGIkLyslnd,2020-01-01
fBTasxcG,CSxiIXRWxo,2020-01-01
QnpewnlV,SuNAymTSUa,2020-01-01
CwSubRuj,BppHJyYugK,2020-01-01
PqQFndoy,docLFKwbrY,2020-01-01
cwbNZkwv,kYsaPuOjAY,2020-01-01
TBccJCMU,lERXHIEJJQ,2020-01-01
KwHlToxL,GJNevdJrPr,2020-01-01
TmasMVDC,YMkzDKoKRs,2020-01-01
AbFNTBBy,kWoOveDtJG,2020-01-01
HuCfzKfi,NhgsNCELiT,2020-01-01
ipIljHia,OvLiTxlkXN,2020-01-01
oYLZuxrB,XeSlKIwcUU,2020-01-01
bmLIqWOl,dlPKCaHQXE,2020-01-01
keYKjdhP,UJwxPqWgKL,2020-01-01
lxcBTqXO,kDfkDFHoia,2020-01-01
awmxabRH,OPhwZQiAQq,2020-01-01
tpytnHkY,XJSGDEttyO,2020-01-01
msiCWLYe,hvuVMglwOW,2020-01-01
sdgIrZIA,KpeXbKggJN,2020-01-01
vYObLjgZ,wnhhrzFwaN,2020-01-01
hyvokzBd,MoBsPWGqrE,2020-01-01
bCKOOJPd,jALLlYIysp,2020-01-01
EGVrNNwX,BirkJXHKAg,2020-01-01
PydXOyFt,zAlwCgEOQo,2020-01-01
aTqphiYa,FYxufmUMVJ,2020-01-01
OZDXZXYv,DeKdEXlZro,2020-01-01
hIgwsVsh,bOMlEAAGGd,2020-01-01
pDpXSHDL,XcIkdXBmSg,2020-01-01
xkdppnDA,oVSdavEqjj,2020-01-01
nFJzFwlQ,nNFSYyUtot,2020-01-01
PMfdeYLf,UVJgDqhOxz,2020-01-01
OHJbiVDf,SGYbVYyDJs,2020-01-01
vmuqTBLM,VFPlPFDuQi,2020-01-01
cVlAUeem,CgXUYFdIDs,2020-01-01
MYQAbmHF,FlZaIOhFYS,2020-01-01
cudgevVo,LRYjqOPznu,2020-01-01
VtTpGQRi,KmPdcTosRj,2020-01-01
DVgjuyso,OnpkIDMYVe,2020-01-01
azHWYgqW,gwAJmgrjTM,2020-01-01
hojPimZv,TLOPeGKbLp,2020-01-01
WyCFxRgz,ITclOBZwAt,2020-01-01
LEYJLoOU,fceBSfFliv,2020-01-01
MuxSKebX,ZRDUWAdlmi,2020-01-01
PFXFRXXx,xQecHuMnLL,2020-01-01
iNMrjiYW,ybtCzluDje,2020-01-01
EqecBAbr,FDCjLsPBoU,2020-01-01
PXgkqEri,jFKQAzaoRR,2020-01-01
gMqVUgGx,mclglSCcbu,2020-01-01
xjUipBXF,kvIvlBwVpl,2020-01-01
souzqjrW,HIcsZDjSjf,2020-01-01
kaHMKLmO,FfrwSLDNnp,2020-01-01
RVdIjMMz,auXNzcwrai,2020-01-01
uVMQbVMq,tKZIVEPvni,2020-01-01
nfdVemcG,ujLYUDlfoC,2020-01-01
EaIdOeRT,sVdtvbfwEy,2020-01-01
TGvhRuSw,cNPsVLYarm,2020-01-01
jPNSIAzY,AzhELdBUDe,2020-01-01
lPCjmOdF,BahXDOaYkk,2020-01-01
uzQgIXxI,JQjbFCnFTA,2020-01-01
tBMGgkOv,wiZOZIcUDo,2020-01-01
dkgmwRtt,DtBzPTvOVF,2020-01-01
kuanRfLW,zmXVwmlOBM,2020-01-01
uGFLxbOC,asTcVHczSt,2020-01-01
SFNchcvC,KsXGteYurw,2020-01-01
GyORjfGm,tVwWqFGONe,2020-01-01
RpjgDuoh,FFEjHwitjM,2020-01-01
rSqorXqX,slWnZBLxMK,2020-01-01
vKDWYVXr,jrdVboEyFm,2020-01-01
FzIPqyWy,PSmacWVmdm,2020-01-01
EIYBVipM,HxqMeUXuqx,2020-01-01
pFRHvCUZ,jrifmWBIdh,2020-01-01
oiuzynYi,ZeJujFMiNi,2020-01-01
rEDYzNIw,VGcpGVEFBl,2020-01-01
FTTVOxyg,IkrdTzRVJH,2020-01-01
KIjKnxCF,qpvbrDZiYb,2020-01-01
IkyvDZXt,NOCDoaBguG,2020-01-01
kNQqiQec,DCMJoOHKZC,2020-01-01
QWjEKUfl,PKZaJqpjkS,2020-01-01
JHitQFuX,QwvGVeXNpm,2020-01-01
pBBYirwM,LCUDFULIQd,2020-01-01
HEgsljFc,OzyTRGBSEn,2020-01-01
KRsxmdRs,JQanmBGCVu,2020-01-01
LqjJyqEU,iQjsTMFBOd,2020-01-01
RJrySOlM,eafxbpFXbp,2020-01-01
kupGezLw,ClyJTomabF,2020-01-01
qNrOjPCT,YwsABHpGvL,2020-01-01
WtTHkxKB,XtDCZHYnhG,2020-01-01
RhAYQkme,hdLfZpSxIv,2020-01-01
NsJdrJfK,GuFhLthLOS,2020-01-01
AXtUokQn,PxTkBcXuvS,2020-01-01
WJIzBVFO,qsKstwUQDG,2020-01-01
HLjYQDUC,LXpKsMjVEz,2020-01-01
QIGHpduO,ntdDAcqIpc,2020-01-01
oySzOLWB,YpnhIsaStT,2020-01-01
neCvBvYV,mhKBbrNjZj,2020-01-01
GxTZjzWO,heCgxSzHWN,2020-01-01
dxtpoHNb,pxlXHPftiI,2020-01-01
FZIlWIRk,gWgFHSZhhG,2020-01-01
AloOFoQj,nrFnFhVVkL,2020-01-01
aDSSTJJU,rVULwuPesk,2020-01-01
ewpmMTre,KeykkhXIDB,2020-01-01
fECuFCYK,vKsjHyhZby,2020-01-01
leuepYQq,zfLQEmsZXj,2020-01-01
SuFHPPgy,VLSIVrGJmm,2020-01-01
dLTSgWJj,ZlhbBuTXZw,2020-01-01
JkblsaCm,zYatCSWcgB,2020-01-01
BitBcPAS,ODhzudLyEp,2020-01-01
mZUNOblS,srSEOmGxPa,2020-01-01
wxTrPgmy,reOrarbofd,2020-01-01
jsxLuEWE,CueqjmhDEF,2020-01-01
iyhntBPW,UTZKPqTXXu,2020-01-01
vBEpgrik,jNgfUVJRgT,2020-01-01
JuazCAoi,unlNcjRxXH,2020-01-01
gjObkVkp,uMmkILAJyv,2020-01-01
KLEiMwih,PwHXslajEx,2020-01-01
OVehaWEU,IczfBHchlL,2020-01-01
iLuAtGTF,APQKIYOSgc,2020-01-01
MCrhLTCZ,xOqxHwBYnJ,2020-01-01
cQAYKluv,VyRKYiqjIK,2020-01-01
gctsiszq,UEzwqysDLH,2020-01-01
ssVGoSke,bUpveqjRZq,2020-01-01
EfTXkNeu,COqjrRdluS,2020-01-01
MucdKvqW,IKRzHbjPdG,2020-01-01
FlILmLvT,jdONHWYfcl,2020-01-01
SyQVEtjR,qPipJPNYNO,2020-01-01
naYzPRfL,cYKnEgeVzs,2020-01-01
WionMKdJ,VxNRRPkJRh,2020-01-01
PULqXyiD,lOYGWMZgzL,2020-01-01
guMXxlHd,kBVvGkZmYw,2020-01-01
iTbeJjlJ,cDfrcejljN,2020-01-01
pyfCIjPw,zSgvjvYUGO,2020-01-01
IAZnZzOe,UNSyAQpriV,2020-01-01
fpcuDyef,PVNikqMVex,2020-01-01
AcZvutyA,bogybMLNTX,2020-01-01
aMyBcVPx,OjYICsiHhY,2020-01-01
DMxwpNOC,luEMtrlStb,2020-01-01
INaFAkag,MHHnWedWOV,2020-01-01
MdPrSbDF,nJgLwRNHaO,2020-01-01
YFSDlNpb,DtByyexntQ,2020-01-01
NVcJwRbJ,FbJGPJoCNt,2020-01-01
PLDYUWKE,VNhpCWZlIv,2020-01-01
heuPNdFd,dlLxxhHjbG,2020-01-01
BzxykSYa,qigLdeiZbT,2020-01-01
QBVbNgdP,syrgibrKRr,2020-01-01
KZTyJDAG,bsrxClckBJ,2020-01-01
odmFEMnp,HAllvSlZVZ,2020-01-01
NBNzYonZ,zRbQgWlrzt,2020-01-01
QmzCrdIX,oxsXiXNqkt,2020-01-01
ZfxaopsT,uIgjvJYYbY,2020-01-01
AmpgEtXR,EenQMfeJpv,2020-01-01
VjExLhJr,DPCbYyPBVu,2020-01-01
QzdlsWjj,iaLXjdYeCe,2020-01-01
pjWnGrYx,lkGdwaFjPC,2020-01-01
AqKGZyoB,ZakiDbpBxR,2020-01-01
PtFnQxBI,KVXuZGLLcC,2020-01-01
aMSnvDab,CwBkDaSisj,2020-01-01
ItDPRNWK,PTWWYhMfMe,2020-01-01
PnrRDnlM,KfybwvIKuU,2020-01-01
hqHgllmW,xsUwnMtXdz,2020-01-01
xZZAtMFS,IShzURkceJ,2020-01-01
AwJslhol,xNSMflfQNj,2020-01-01
TMttwiNn,PlosLtrnnh,2020-01-01
oGGUtPgU,IfYCWrIyWI,2020-01-01
nyFDhRcb,RfvOOILtet,2020-01-01
FGmNtQKz,DKqXpIMaSi,2020-01-01
NBtcMDTW,LXykSKruIr,2020-01-01
YqIPJDxv,ywZNemQIUr,2020-01-01
QKpVhkZV,KLcdJnrXDf,2020-01-01
GeScFfKE,QPrwXWyVCY,2020-01-01
oqBHGXbp,raOrasmMkh,2020-01-01
ETxKVtef,efOfbKbXLD,2020-01-01
DIvDosyz,eeXDlVIfvt,2020-01-01
QBQTPvAe,rapAakBdQo,2020-01-01
YvOvHNuq,brzSaWWQdk,2020-01-01
eYQlPNhT,aTsmqTxATE,2020-01-01
MgdMByhB,ZywvvjgCIW,2020-01-01
QxPErDsm,uEhRBjZojE,2020-01-01
mPxvyAbV,TpjquXFXLA,2020-01-01
OAzhSjGV,diNMLjGmug,2020-01-01
FcnQofvL,boXwOglawg,2020-01-01
LAdgnrXP,DwKGaDsJPf,2020-01-01
LTfAxyxF,CqfidWQRIh,2020-01-01
spRJdZqb,oQrOULydAt,2020-01-01
KdtwLfkr,iEhSdItbdO,2020-01-01
nPvRlVvB,DxgdZaigWt,2020-01-01
AYizJKkf,wCcCEWchFR,2020-01-01
zQluNXwV,jXnjnGmzID,2020-01-01
eVHJjEyu,PIYhSuyLOH,2020-01-01
LrjFuhus,axOuxlDJtc,2020-01-01
PGErUArW,PbngElTJoL,2020-01-01
XJyMgpGV,tubqRRoZES,2020-01-01
KHxigGGe,FjaLkbNjCY,2020-01-01
mjSjHjeq,XwhBiEWWUM,2020-01-01
oQgtxsXE,lQlSaGxvNP,2020-01-01
VfDerxqI,fXlpZCcwSK,2020-01-01
BDBWpjsv,iDpRPCYARE,2020-01-01
xFufTjbL,BcRIYCLByU,2020-01-01
pioaZTiE,HStfXHyxVU,2020-01-01
TJRhfnUm,PojUMIxTcz,2020-01-01
vvhurmDu,SmyBMfOiUd,2020-01-01
MjvOssQt,QHKbWtnIHW,2020-01-01
MRolWZFt,vmRsuZNRjE,2020-01-01
mNXfGPJD,DVLjyjtZJK,2020-01-01
daErTfbT,QOUQQDGdvO,2020-01-01
qVxHFAkH,RpyaRxgTtK,2020-01-01
UoClLFht,sKhwtkBmDB,2020-01-01
AlpsKDtl,LOPLIKbJnU,2020-01-01
oTtNHMDE,rRJRYivKXZ,2020-01-01
qbSIFLxa,VOuhociqOw,2020-01-01
sXoVYQrd,sqOCKhjywI,2020-01-01
szjvGYay,hClyVvyTqp,2020-01-01
VkrEeVIH,gXwGkVARoR,2020-01-01
fMwyGOFa,JPgeLEOAMx,2020-01-01
ZnoNhvFH,eNCMwDvKeG,2020-01-01
KrTmZTul,axYbEjoDKh,2020-01-01
yRouxtbR,MTbETDTzJe,2020-01-01
WFMiiqhN,qjINOkFaro,2020-01-01
FAQJweoY,vPtjUQotld,2020-01-01
yYhyoyde,VjvLVPIouV,2020-01-01
KZdstZfd,ILaJktVZho,2020-01-01
nwABySeS,FrrYdrvLhE,2020-01-01
PaOkocfx,sNMzEzPhrX,2020-01-01
UafVLpJO,hqijfLlGWT,2020-01-01
ImTJEaNO,sSAeaddBwK,2020-01-01
bwohUGdZ,XYNeYSawpH,2020-01-01
evgUAUFv,NuPgSZgQWM,2020-01-01
cbJUCooB,aImhVWVGAr,2020-01-01
ANvQFqig,xzoYwJRMSY,2020-01-01
jJeOjDZZ,pAQJwbBKcZ,2020-01-01
aHWEzRrO,JNMbNHxATY,2020-01-01
vQIqXPoo,YQHpjQQwER,2020-01-01
mAKjRzBD,rVQBpRlocz,2020-01-01
onYpylFL,qjZZNUJeJf,2020-01-01
aGYoGgQV,KBkSWLaJXW,2020-01-01
DUkhTTrU,WOyALkyQap,2020-01-01
gCOLKPIn,TEoYWsXIce,2020-01-01
zpjEPapI,XGvYVGUqHO,2020-01-01
AaZGnXrP,leQLhIBPlF,2020-01-01
sAOhXbpM,zopmUPKWzM,2020-01-01
mClAhshU,mXjiNnbYkF,2020-01-01
PbwXLvLI,rjwioahqxT,2020-01-01
pcFOGicl,XwRLbTGKJn,2020-01-01
TvXQLsXk,QoOyDwFPdE,2020-01-01
IWdQWXLF,sXRdKfcbRK,2020-01-01
ungTKDAW,jUleOKfdKK,2020-01-01
kREmdnVS,giUTRSrDxN,2020-01-01
imCdLlJa,xbgidoFOVD,2020-01-01
QwgkWCyz,iZrLlBeBYn,2020-01-01
RmNMYcGu,QCmIyqiPsV,2020-01-01
FryePmUG,nOEkkPkshb,2020-01-01
BAuCDnIU,MXyrumPEAE,2020-01-01
xRDXAgoS,yJqPBiJsNO,2020-01-01
fnJsdXIQ,anHOQSJrmM,2020-01-01
gszANPkt,VWDNyqNdYg,2020-01-01
qrGHGNRU,ThatFhUeeG,2020-01-01
KLvtECGL,LInObLREpe,2020-01-01
hyRPWqhC,YtDCTEajdV,2020-01-01
BAiTHaAg,lblCfwhjnl,2020-01-01
aBkjuGqo,iMkwoiybpD,2020-01-01
lTkCVWDy,kDtVWoIyiM,2020-01-01
UrqkAfiq,AlTVJLbFVf,2020-01-01
eVbNsVMt,EtwUdJfnXd,2020-01-01
hRBPSLVv,NfpWcyHhfJ,2020-01-01
ShDcvLnE,VNTuhlFwvi,2020-01-01
aLGEyWoO,fSKgvrDmfr,2020-01-01
ElSEgPJv,ECrIaKfEPm,2020-01-01
vwnLGjPk,VSJiCgDdhx,2020-01-01
dRxJmzTf,jwADDIBxAc,2020-01-01
QXucnalu,jMMcTXhSHJ,2020-01-01
HaxoPFbS,khsWGZjxzz,2020-01-01
BfWPvCqb,fwqFHkKokz,2020-01-01
vaMKabJZ,aVqsBGKXyV,2020-01-01
ThbXhXfP,zcngBveKlH,2020-01-01
HjReDgvd,rAzeBkFliT,2020-01-01
YPnUOqig,iyPNZBvqON,2020-01-01
oJzvgvIr,ERzlJcmnyH,2020-01-01
HAtBfSaG,LOxiooinJP,2020-01-01
LPJGwvvo,NXHotfxTba,2020-01-01
WkRJpgnI,EgbWqNSfrc,2020-01-01
VofPQHJE,RjVtrXqVwy,2020-01-01
xKgypYKr,ineuHpmwvQ,2020-01-01
fsDkMZXg,UXJgKamelb,2020-01-01
eJOYvawd,RFRforMiAC,2020-01-01
cCGZEIJF,iubrjEdPOk,2020-01-01
YlyzQrTb,KfIDbbkaeQ,2020-01-01
pPlumIGU,aiqNCfXRuv,2020-01-01
klsZcaMu,KrPgOAlpao,2020-01-01
MmukglvQ,WGcjFuWYJp,2020-01-01
vufJsdBW,FjrGxoqiXP,2020-01-01
zZZhHBkv,jqSQdAcYKX,2020-01-01
PqNGkIZL,DBOkikKrOr,2020-01-01
iIvxyHoZ,lNInuzdaCP,2020-01-01
hveSGCAC,SBJkeBSKdT,2020-01-01
xduRxUHJ,lElXRfzqcG,2020-01-01
iaFyuYGV,HoDXMRnzBb,2020-01-01
OgkbIRnG,tUTpmIlKYP,2020-01-01
VRgjIMhG,igEmDALqZa,2020-01-01
jBNzsjWP,wBkZRtubyH,2020-01-01
NKgRnIAn,DkFDMUNlSL,2020-01-01
LIJPFEYg,yhqdSoZYXJ,2020-01-01
uLReYJKR,FGaupJCQeP,2020-01-01
YwpGJErO,JqmTFzHNjL,2020-01-01
jfZOXdbv,OhKYKoGbEX,2020-01-01
KYWjdCcK,nBGkEAqHAX,2020-01-01
CYNhMtwf,CXIhAJhRHW,2020-01-01
VimvRNis,EFYFJjWPuP,2020-01-01
ZRuZVDJX,gQFbCwpdmk,2020-01-01
fqnxqJVF,jEngzgbzVw,2020-01-01
WRuJPFAY,uzBVxpHNbD,2020-01-01
LRjbFMEv,xHcGjCtIFU,2020-01-01
hXcQJzIl,CswdnZKhkp,2020-01-01
RaJCQJpy,BaeIKfnXsa,2020-01-01
RlMuqaCW,BxnnNMWpYD,2020-01-01
gCZCNajO,eAvsIVtirl,2020-01-01
pwUhgNmp,ZEepRACFgk,2020-01-01
uLKkCcPv,dcowPFVJrr,2020-01-01
YzQqetiH,uukjFkYyTm,2020-01-01
wMZpnCXA,AUiEqrhGrj,2020-01-01
gEwuycJe,dLLVLIyYzv,2020-01-01
zAFVYKnR,vKrIYimJCs,2020-01-01
kxPacFwt,yUhGgLnvHa,2020-01-01
IgAdYYZj,sUJFoJNVoz,2020-01-01
KjlhiODR,UJxHzJQMVO,2020-01-01
yetNrEMK,WZagnilikg,2020-01-01
SDHKUxlR,zpnEXvAcrQ,2020-01-01
KARrxMKA,lvcoePQazm,2020-01-01
dIddKeLc,zOffrGxliQ,2020-01-01
qIBrfZRZ,WFPoApSdOf,2020-01-01
YhxpdhjN,ZbuCJQrDZp,2020-01-01
uDDpLftx,yyJKwbgucv,2020-01-01
zRFcXiHC,eEohJFMixq,2020-01-01
dJVjojzt,IKixRpxjwz,2020-01-01
NfptWeuw,HkdgSJUgsR,2020-01-01
YJkBEOqw,PuUVXJrErZ,2020-01-01
TlMGvnAM,thFGwVrjOp,2020-01-01
cTVCPPTN,zMoElnVusC,2020-01-01
HttrEvRr,VBqOSERref,2020-01-01
GJqYsEIH,YvekJNMejH,2020-01-01
EZlHgohc,gKPBLATiRz,2020-01-01
HNjIuBDr,ugBsghZlGY,2020-01-01
oUyRRsXc,kVKsisxlUk,2020-01-01
bXwpEGIF,SNcLOOVdHF,2020-01-01
fOpIRltl,wLeEBLQcVp,2020-01-01
FpimkzNm,worqbeHbxS,2020-01-01
EVMWrhVL,WnyNKjDTNv,2020-01-01
bbiZmCkf,DmSfAGsXfx,2020-01-01
piwWaqfP,eimkpGIMUB,2020-01-01
IvYbpeuw,JRdzXzRLgM,2020-01-01
YBmRwBvC,gTNlDGRDvw,2020-01-01
zsBipXXf,dVkqPwFbXL,2020-01-01
srXIeAtO,VQSOFuZLLf,2020-01-01
BvGpKjwt,uJXKoLvjzi,2020-01-01
BejQygJd,MfKncCIwNH,2020-01-01
AzFKNzAt,oFZehiboXS,2020-01-01
nHOvoqHw,bIuoasbQqW,2020-01-01
OWPWQmAC,rGwlpNikuK,2020-01-01
TsspsleG,nUtSprIGBC,2020-01-01
FSnLKRWM,jewVYcTdTb,2020-01-01
PirXgTyH,WPSOzbkmCu,2020-01-01
AsVoxPDU,XZzfpvdJLW,2020-01-01
HposkHfH,HbOOgNsjOb,2020-01-01
cBBjcGsC,rrReufHcWE,2020-01-01
TviLRejV,DwcVxflAzP,2020-01-01
iQSGUnKm,onSSJkuKuD,2020-01-01
sXzNGPJS,WaDOwFasFa,2020-01-01
ohRebEUY,jwBILbtIVG,2020-01-01
iPbJqZeC,rNHDtSMZWc,2020-01-01
MgVOINTK,taPwPtdgES,2020-01-01
VhbnTsLd,NXlCOCfIAD,2020-01-01
xQqyjBTk,CnmHuYoCfX,2020-01-01
AghRkkam,CBBJmtSaGh,2020-01-01
DXWUUGNR,rkCuxtQOtN,2020-01-01
IoQrHYnp,sKsSSwEglj,2020-01-01
EgkhQRWk,HgZQJyJwNG,2020-01-01
RxDOuLpn,WsqwLGAsDP,2020-01-01
VjEIjDLC,nMugVMqvOT,2020-01-01
RJOmHvTA,FKhEjgsAlE,2020-01-01
TjvHtmvj,XmZWzaSjoy,2020-01-01
HYBCcCvI,kYxiZkHAxQ,2020-01-01
lHlKrMFR,ZsuQlGQeSc,2020-01-01
nFTZnExS,WlQIWchZCA,2020-01-01
BJceWwnX,zeIUmAiOhX,2020-01-01
kjSACSJV,ZXFBdBZaUq,2020-01-01
WGKMuRmS,cVMDwdeGrk,2020-01-01
XneABErj,tAjSeYIuOd,2020-01-01
kRJNxIhD,btnTRKgSCH,2020-01-01
JoXWqIEk,gRwXNgrSAf,2020-01-01
vWjCCPRz,SwUXvbFpAO,2020-01-01
FBBxlczg,fGuniqKdHg,2020-01-01
ppnMElaB,usBgoSTBSu,2020-01-01
aynnQRJC,ozceKawHND,2020-01-01
niYDwyVr,zhhjHoVZJm,2020-01-01
FZkJZXnB,WeCsQqHSnb,2020-01-01
TIoEwvfA,eioDWalYcj,2020-01-01
uuuCCrRu,gGRWtRUkzb,2020-01-01
mJQlSMST,dfapQyGjgp,2020-01-01
TfPOGfsK,UICvQNzLRE,2020-01-01
OqNtuFyv,iOsOpbnbRu,2020-01-01
GHZhxIdP,wPgWxSTHWy,2020-01-01
naMMpuoD,XjIjybewkR,2020-01-01
jxVHAHUM,VSwLBbaaxH,2020-01-01
MQlZFhNg,QvcFdrLueS,2020-01-01
HkwPCHxP,XYaORVpboq,2020-01-01
GwCNJlKc,MhGtSXzxiE,2020-01-01
vcfuEyew,tysVkBUglE,2020-01-01
NGUQShuU,HISvWumlVL,2020-01-01
puWerVJa,czRrHGeLOk,2020-01-01
qXqpjLOn,MTUfEiWqaF,2020-01-01
YJKYgJfG,mBXbJHLveK,2020-01-01
cBepVSuv,EWYOcwcfwG,2020-01-01
umgRjNKj,WyshKGCqbV,2020-01-01
pmDQiPoR,HlxZNfWIft,2020-01-01
WkHBaExZ,TIoqbTCHPi,2020-01-01
hlDNRnwV,zOWeLXgABB,2020-01-01
zuQSJXHl,hzFtBSuDsj,2020-01-01
sItmVboo,vNbUvipuOk,2020-01-01
gcTpxtBG,VaxmwUbEXh,2020-01-01
HhJKgGQr,bzTARUgKxW,2020-01-01
NeAzgLHP,EyJGSaFPhI,2020-01-01
unpacaIf,bOvwlZpLaj,2020-01-01
YqDlbxuF,zVArUbDhjg,2020-01-01
aWGTFuHN,qxUYbWzXbU,2020-01-01
qieiKQop,JRsRdAIdCN,2020-01-01
JjvMKdfY,pRvGGMCpaF,2020-01-01
IuUqaQVa,cbEEGaedIb,2020-01-01
ayJgPPFX,wGoLPxEkwu,2020-01-01
wpvGEKPx,dWTkwgkgwY,2020-01-01
DxQYazli,PMXVkqWUXt,2020-01-01
gZvELDob,CnOcCXHxca,2020-01-01
uPLtypqC,QVCcrireLQ,2020-01-01
erxHBbfi,TseYlcDLrP,2020-01-01
aFkVuWok,rnjOuRFZbJ,2020-01-01
MvBooRjd,DtmrqpmrTX,2020-01-01
fWJHTVht,LbMktderjT,2020-01-01
JdEohevt,xKKnVDBJsa,2020-01-01
HEhxeZqu,dhKeZRJMEi,2020-01-01
irFnDriU,SoFWNAhMSt,2020-01-01
bywbGMID,CXltGnSDQS,2020-01-01
pVHxWmtv,yvqlTFOZNB,2020-01-01
ItRPEFJu,EldJnialcv,2020-01-01
BguSFZqx,UaLQWfuPbK,2020-01-01
WGMFSaPa,YgwKFhtoXF,2020-01-01
JxaCvGKW,TzvVPBJJZQ,2020-01-01
cTYMtzDR,xNuISJYmkY,2020-01-01
AvfPZXAZ,JIrcIRuKWD,2020-01-01
fNGnpdYy,uePPEWndWQ,2020-01-01
YWTQneah,RQhYMHOxjh,2020-01-01
UGHchJHc,UfdahbakFW,2020-01-01
xYCHnKEU,ujMUXzZdbh,2020-01-01
hpfsRaYL,DvnSaLAYIL,2020-01-01
rqorqGML,WUPemZtIfd,2020-01-01
dtWVcSnr,ofuRwjIpMm,2020-01-01
BzdmPwxN,NNVlNgVQez,2020-01-01
LdhEZnZK,mCgTAzIrXV,2020-01-01
gezfaDgm,BTHJQJKMYY,2020-01-01
kZkFNJnp,nWttsWcuib,2020-01-01
pFzxiFDK,nuPfaLdllK,2020-01-01
VVGnCAVr,CTeIPDiRNS,2020-01-01
XrbLwcLP,rXFjKjhCNz,2020-01-01
KGxglkTe,AyqrnANqEo,2020-01-01
QrTYNSeI,LopXtOAJFl,2020-01-01
dmcEedmp,kTEqivTQRq,2020-01-01
EbFmwiXG,gOCjWGLZiQ,2020-01-01
SoatCEsS,cLYBrNUZLU,2020-01-01
QGPOwKxC,ySzGErbwDB,2020-01-01
mnLdcvJX,SdhNGMaLhz,2020-01-01
HGCGOiFa,iboCCKIwpr,2020-01-01
saVOskWj,bNIEBasSiW,2020-01-01
VmqdiUns,QuoHINgmgs,2020-01-01
RUVqGiZy,CZMxTttSoW,2020-01-01
dVTGApcy,MOJBtnnWbZ,2020-01-01
ehSLVxPb,LbJtkCuPly,2020-01-01
qSLBzRtc,uYkcqavbyN,2020-01-01
wmFqimar,xqAprltZSf,2020-01-01
SKKODeDD,dkVvhDofDs,2020-01-01
MwMQUlic,cXEMkLIRqt,2020-01-01
ExecvCqD,AgqCFFyloD,2020-01-01
assnBgaY,iuzsvmreEy,2020-01-01
XDMZMLxt,eQUulsUvcU,2020-01-01
RlZbvKrV,PjVcFzlJwv,2020-01-01
jfVyIdLU,sbUPPmPDpt,2020-01-01
UtJKkoJC,mHnRHyzirC,2020-01-01
USauiDKK,JaXFMzwGID,2020-01-01
hkjqpEmv,icHBeGIPAg,2020-01-01
eMDYbPzr,kaxmcMWqfa,2020-01-01
uBkBblKm,QwDRegniLv,2020-01-01
ddZZzppg,PgbeJoRGFP,2020-01-01
fKdkyEtd,jpabZWgCqi,2020-01-01
XwHFlRWv,BZCoeVwhSF,2020-01-01
UlvlYlrQ,xwcbuSFfNl,2020-01-01
PpKBSKJf,EQFEicorGW,2020-01-01
yVZWbXAk,qxJeZnzYaW,2020-01-01
CoOtEkKj,llwHKtBASE,2020-01-01
NntOQVCD,vXMIkhbvUA,2020-01-01
PCJNYezh,jwfWcitvKA,2020-01-01
RcwqxEkN,jOiTUAdhOW,2020-01-01
DfdfPBoo,spqxzRgFbk,2020-01-01
CYhbotiz,CeFZFELDWk,2020-01-01
mlGIhcsg,GMGBuVxycf,2020-01-01
lFoXTeCh,gHisCNhtBl,2020-01-01
VyyIQimU,uidvUMrdQd,2020-01-01
OgVdlMiq,jCxAdRTern,2020-01-01
DrwcIvYY,wvzrsLhxTS,2020-01-01
OZwnSNyy,PutocWyRrM,2020-01-01
STTfskiM,RPECXoTuyP,2020-01-01
FbvAlOwj,qFgKAHuflW,2020-01-01
VcvWGJKu,FkOGxDtyOp,2020-01-01
zdfrGaNa,xTyguulIZJ,2020-01-01
jQyNqLMv,NwOUfdIczj,2020-01-01
tWgQgweD,HwkgnoeCok,2020-01-01
RObDaDRf,eCdKCLwCmb,2020-01-01
FjYcLXTe,xkvuZnccYm,2020-01-01
mTXejIVE,qtkHRqRtoc,2020-01-01
pDjiBpwF,fMhuKHNPJh,2020-01-01
QmOopkDn,vMeXWqzqqh,2020-01-01
DmMtOpsM,nBbUELppSe,2020-01-01
hqPYEpdm,SPvYWjUdbX,2020-01-01
YFUTlZnk,MDFStkNyRb,2020-01-01
msazAxXl,XQdfkgusGz,2020-01-01
rVSDlzWu,WsxtDCmTaM,2020-01-01
NLltoMmD,YsUTPJgzrD,2020-01-01
ZTyuirSn,yZtpPSXJAl,2020-01-01
FuKRiMGQ,SDChUJgNbW,2020-01-01
cpFgyEcY,XmFIBpgifn,2020-01-01
HlKXPioK,nwWsOeDBUF,2020-01-01
UYpSJVkm,RVXhHvojdh,2020-01-01
mlRQaBNR,PpSRtEIAlC,2020-01-01
tDHhoBmd,RVmQQiRFbR,2020-01-01
mqyYQtlv,efOHJOBued,2020-01-01
SETNMhub,dIVAnDIvwi,2020-01-01
sgShcJsG,uFapFLCxdM,2020-01-01
NCoZFONR,nRCxWsxNjg,2020-01-01
mfKGcoqG,MWKNzDJMcG,2020-01-01
QtveCtux,xfhfEuFUTu,2020-01-01
sOfPwnyb,IgVHvavCuV,2020-01-01
LCIdKJXB,cYNWIKYjpO,2020-01-01
yANThAzA,bQwnZzYhJx,2020-01-01
rWltXQsf,PBYHUeibWJ,2020-01-01
XEbVvcrr,fqLSVQbLhi,2020-01-01
OQApxWoz,mOEhmpZQkZ,2020-01-01
qSXdzypB,RuIIEoHCVi,2020-01-01
LNpmRudh,whKvjMkvEM,2020-01-01
pjUemMWp,hPjrfLjQSr,2020-01-01
oYIPHwWd,zcNMghKxct,2020-01-01
uAhKhMgv,ZNdHVuDCvr,2020-01-01
VlweAzIZ,xdGMJWLiNN,2020-01-01
JSRsFogW,vkUSwhBnNB,2020-01-01
UUnhIsnb,vNuRlLJsHW,2020-01-01
vooYBZtE,ECYPimmBpy,2020-01-01
MCOHBOqT,XEflKVpfxW,2020-01-01
eopvLWLC,eCzdXYQNqs,2020-01-01
iGbeqLPi,VqOrQTtSGf,2020-01-01
wlHhjWLe,FQUBZDrGOw,2020-01-01
ryHeYwfD,NYpuhmuIDj,2020-01-01
EcmIHTUY,rdrtdMkVyQ,2020-01-01
SvVRoVNr,rZvxjMgryf,2020-01-01
aXsZrAqX,nwnoPsPFAR,2020-01-01
taEGjCYG,BewDRDmjci,2020-01-01
GWMEpQuO,DQurEyprHE,2020-01-01
wninHQGg,dECpuunFil,2020-01-01
KhSpowVC,aswiScXqYP,2020-01-01
NnbjjuIc,upDkPtxJKo,2020-01-01
uNtwZCGQ,RMZYVfiNbf,2020-01-01
ZSDomyZe,rOlaqFPDjW,2020-01-01
XatTEcui,mKITRGdVwJ,2020-01-01
azSDkKzv,suQnlSJjwU,2020-01-01
lkhxZNiY,mGvRJeFLCi,2020-01-01
CuNabZwa,lFcymDhVRa,2020-01-01
tbkLAjJn,CDPtlQNNhN,2020-01-01
XMeujjHm,SURhHbBYqq,2020-01-01
wfxtvtGF,EMnOUssuwf,2020-01-01
xxAoZmmL,RZnaPyYguC,2020-01-01
ZIBSuJoY,btekOdsfVX,2020-01-01
UokMkIyS,tEvFvLCkvm,2020-01-01
dLKKiigN,FvDGwgoUjD,2020-01-01
BZtXXUGu,MTqguwsxHS,2020-01-01
KJorxcIJ,rYlzlcvUrU,2020-01-01
BMXKOHgf,XPQJtzVadK,2020-01-01
eMeCqOIB,UiUWShrPBy,2020-01-01
XdLHjuCG,WuWyLEKAPy,2020-01-01
qSrnJEHX,JCSnglvTJv,2020-01-01
EfmsVbsj,qkaYzfjpNf,2020-01-01
YXZkNmqB,GzeHFbfBfX,2020-01-01
mgNCOFvN,zEznQtUvXc,2020-01-01
BeTBakPb,wlqhGJTqFD,2020-01-01
BoaWHgnM,yjlnjmdCUL,2020-01-01
mnTPvqlR,bYqbcnPbMv,2020-01-01
XaNBKFTD,IZYxKZzJFC,2020-01-01
FyncPajp,tBMdXHppKV,2020-01-01
JCECipIY,FqnVvVUOcH,2020-01-01
NVflLMcf,qWTOujwQuQ,2020-01-01
ghDaWGLt,GZfxwfZcrR,2020-01-01
UbDesUZS,jiDepFEmsJ,2020-01-01
IjqyiMXV,ejHvqBqeaA,2020-01-01
ddEFPoVs,GXNXYSIgRJ,2020-01-01
dvlXmokB,BuVrNyGuHA,2020-01-01
oiqkfmVi,cBiMoGaNjk,2020-01-01
pLTOHdYN,HtvHgZmOtC,2020-01-01
yFiEPQpf,HrwnWYkcTV,2020-01-01
amCkOcBO,MIpimBAKvA,2020-01-01
JdmQqVqH,bpPMGqtGVV,2020-01-01
YDkDAHSf,vOZuGYvcmT,2020-01-01
PFpdFcGr,gQMXCiWNVf,2020-01-01
UXbWsbYC,hrTkdUndfx,2020-01-01
QhcnpWpz,yWPXjYSuZW,2020-01-01
LBRDosvp,llODGlFUPc,2020-01-01
dwWGiGnE,PVKOwrfAqG,2020-01-01
foKLRseR,PvWuEYYDgT,2020-01-01
FAajWeXi,xNrwsYQgKz,2020-01-01
chAtKJyT,XFRpKOINhk,2020-01-01
GvnVEnnN,qMBmIHrMrr,2020-01-01
fiVeROqB,OnHcWOzjuB,2020-01-01
JcBBdAdn,TiECnbUJIF,2020-01-01
oBKRdICb,mRNMkiKODV,2020-01-01
zhsMPMhe,ovTUzpcRWd,2020-01-01
UgbZrhpi,bKaGTuYMMu,2020-01-01
bjbarHWJ,wfryKjkAxr,2020-01-01
LYWJUFac,MgNBOrvwFs,2020-01-01
amVMpyJK,oyvnOuIykS,2020-01-01
oiUBtqNC,hLwxaaQPkj,2020-01-01
KkoGJEkV,VqrXrxGIoN,2020-01-01
OHXFhXai,IRXpBysKwm,2020-01-01
xPlKyicZ,rLFqPRQwPJ,2020-01-01
IVTzvPOX,dXCBNqiFtZ,2020-01-01
PqdDSMxv,unerPeghjV,2020-01-01
IqPxEhpz,HMIvNUkAey,2020-01-01
UnWmpSaX,NUopHQxVBm,2020-01-01
WBskNVKz,rRPZizOfSz,2020-01-01
HbHtCwzL,TrXWPnwdWy,2020-01-01
wJuRqHei,iEZhpRBKdS,2020-01-01
focztmAT,XKGEvSSngB,2020-01-01
cQYhzjRe,TmDEPIfyFa,2020-01-01
ZmKDVZsT,zccKYKnGuS,2020-01-01
wfzrLXqv,BoydfNlquG,2020-01-01
BfJAhfKY,kzOvacnFlE,2020-01-01
lgJxNsiL,niILhWNSNO,2020-01-01
lmAFNenL,jQQdJeFgsL,2020-01-01
ouxhQeKW,VHiAbslZYm,2020-01-01
kgDqlzzj,xzPSoBVsHV,2020-01-01
VWWBzLeP,cKlpEFrQlk,2020-01-01
MswHDymf,dymroWcWQm,2020-01-01
dyNorwuV,PTMXPuWEkm,2020-01-01
gzOTJBFI,AGpaQVyYxr,2020-01-01
MKcTnwpj,dGWMwxmxDz,2020-01-01
dnpNOQrW,jHumbXRqen,2020-01-01
iJhdJsBn,JWtVYRmZFV,2020-01-01
nzwgMkCc,qSlNEVwhXS,2020-01-01
VDJSuPVx,rKSHzrsGIw,2020-01-01
YYXCgotZ,hdqEtySnHd,2020-01-01
guuIRMFI,ZGdxXFIrAG,2020-01-01
cojHaAOD,OtKVSlENfm,2020-01-01
EpOstdvd,UzRQUdfuof,2020-01-01
YAHSWvAc,vlcKrVytAw,2020-01-01
ZWYIkVoa,SktrgxyaCf,2020-01-01
bAossiWr,kZgcJXRSbj,2020-01-01
TxDKGqjp,PJTagCVEas,2020-01-01
MJpSEyDf,vPeeHqgVPu,2020-01-01
MUXpgkew,LmovNuPqgw,2020-01-01
tjastZwK,VbBUGxwmcL,2020-01-01
WwoQlHia,fYxLLlHJTN,2020-01-01
AQwMKJbm,pSKgdhPUEZ,2020-01-01
rirbruWm,HvwuKgIeOv,2020-01-01
YAhfgbGy,PjrsdtuBkr,2020-01-01
kDPualZU,ULCaedTcJC,2020-01-01
wRAthODS,xGEplkhYsA,2020-01-01
wMJOOGsZ,UTeSTYgKIQ,2020-01-01
QNcppxas,zNsZHBhmiG,2020-01-01
aSNpsrKv,gAxWBfKizs,2020-01-01
DtJaxQHy,tOrsGBLYKl,2020-01-01
XGqtRVMM,CwjiLbXtxz,2020-01-01
jcWkUtQD,pawSRSotqV,2020-01-01
eQBToAGz,ULdlGtlnRi,2020-01-01
pIUTwPKN,ZImdZuQVmL,2020-01-01
TUrlrERp,fpEAfdyZbH,2020-01-01
bFVZeOop,SNDRAJDaFb,2020-01-01
VEGJGLaH,IvlPbEDanc,2020-01-01
fZFDEXJE,JVCgqCIZLU,2020-01-01
wdSjUWof,PnaOricuIX,2020-01-01
RrDvcNCa,lPRwbCDygv,2020-01-01
aEMIpCka,yQNNWaFgmW,2020-01-01
kSlbonqF,CxrqkoRQZs,2020-01-01
RGuhvdOi,UJxanmVLBW,2020-01-01
yXwoVnqd,HEAqSYlODz,2020-01-01
gUiVMLEp,padHTTXwAN,2020-01-01
hKlVRNHE,kIcjoxGxvp,2020-01-01
ECmgGrMi,qBboLrYXmA,2020-01-01
ooLyPXlT,zIGfKQxAFy,2020-01-01
mXzSMuDc,PWkHkmLYHa,2020-01-01
kcmYtXMd,OKvWCORNcp,2020-01-01
JHLmqmPk,tGkeAFIHVM,2020-01-01
jKkNryFk,knpBpEnyGk,2020-01-01
QSTHbXwU,SzIUHWSpQa,2020-01-01
KsRnwySk,RmfxROYSHs,2020-01-01
hqACkQwl,NAyrgscjiD,2020-01-01
wXEUCOAG,WRCDuBNofx,2020-01-01
DagWJzYm,MbCyhKgqvN,2020-01-01
agocTUSE,szpMJCyMPg,2020-01-01
aPoYVvqA,iYmLPiqVRe,2020-01-01
UhcFUgSF,MwdTCjlSZh,2020-01-01
IohSEJFP,yNafScHSFG,2020-01-01
gImhPgcd,XOiSlMkAwy,2020-01-01
VuqnmDgQ,hwLVGLBAGB,2020-01-01
rcYVZTlU,oIsDJvzKjY,2020-01-01
rRXFKVZg,mjVqftcxxc,2020-01-01
ezfYYEiQ,weuugRrWdD,2020-01-01
CRwwJZLo,yCDXUsKAEn,2020-01-01
sDxfMfHC,ApCsEJLOKG,2020-01-01
daiJCaaY,LGvVksnGlN,2020-01-01
TvfrHIzQ,tcfRjrkMUD,2020-01-01
UtBwUaCF,daOnobveWw,2020-01-01
lAbAoYFp,KwtOJMVzvZ,2020-01-01
UWbwzZvP,ochMDjwgaw,2020-01-01
KFKFRxyC,RtwzHpuOml,2020-01-01
NiFMPZEW,SCFqXmSKMV,2020-01-01
iTkEKYnC,ZRvZbujItk,2020-01-01
sHLOBrnv,zIxwEOqZNS,2020-01-01
dHisxrIj,wSsUuuAiek,2020-01-01
gQlrNYbU,TnpXQhTnUU,2020-01-01
MQITJNHx,IQsSmZyRni,2020-01-01
bzTcWZhg,jnffXYUufc,2020-01-01
geNylMqH,KhxVmZykCm,2020-01-01
nvPUUeCu,wfnvwhsPKA,2020-01-01
tNfUyVjO,GjkHjsSZSO,2020-01-01
zHFXfwcg,iYfLaknlLH,2020-01-01
CrUTgSSs,SUUZhAWjdV,2020-01-01
XynsqazF,dliuAWtuDX,2020-01-01
KLiAhZOv,oPnEHiUhxS,2020-01-01
zBBKTnXU,xOPJHVVzmd,2020-01-01
ZmlzLTmm,VdMIjzgrlX,2020-01-01
yWMFPNPe,zSfJcoMhbg,2020-01-01
YIzZdefM,VdKjGjJSAb,2020-01-01
vsQfcxeA,UvueRfRXub,2020-01-01
sJHkoDgQ,bWibtbvgPX,2020-01-01
OdvLzKpD,mUiNfolvBf,2020-01-01
HdXfWySg,yVNtCycFCt,2020-01-01
qinlCEWS,mVqjPdUVGm,2020-01-01
EZzabEPi,aVmqlVYapR,2020-01-01
uKRbrVQa,UnUOYqrEaR,2020-01-01
fLAbGJzq,OogjBZuABd,2020-01-01
XVqAJsWA,sXNgFytUxG,2020-01-01
XbmhICEM,jsluAGATJT,2020-01-01
bfWhzDqF,sNRCImCPRv,2020-01-01
wfcusznv,cXfhoAQPwe,2020-01-01
fPkREPGG,iyzADhnfpL,2020-01-01
LDjWfryQ,eJrEwHqZWV,2020-01-01
sbttNoFz,fSlpGVeizi,2020-01-01
bfZIaPae,kiGnNIRbxO,2020-01-01
GRuHMSCB,cBZPbYXetN,2020-01-01
OFNoneMq,FjwfdXYuHg,2020-01-01
huFwcacQ,EydiAQlNOn,2020-01-01
LmCUknUf,nKePYKrQBq,2020-01-01
lbsLflNV,npNiMDXRdd,2020-01-01
FQXRdyoK,zcykivJxtP,2020-01-01
aloSyOKv,gTtPrXxGtE,2020-01-01
znpAbZkN,MZoCZhKeMt,2020-01-01
OYglLSmD,fVwdogoOHl,2020-01-01
ibOgfMze,lcNdnepxaa,2020-01-01
TvijAuGA,ECJKpDDWxp,2020-01-01
ZctbVCsZ,oNoGseIvhL,2020-01-01
NHJbshGs,ZveaYTkyho,2020-01-01
ZeFydRih,QuyeqneRgn,2020-01-01
KEknXDuw,ljFBxmjxTg,2020-01-01
tjJbIVao,mvisdcZnZU,2020-01-01
IMNkfXmX,lBIEKyqFil,2020-01-01
ORmfjidQ,GLvatvGpqo,2020-01-01
bwmLIeXw,zihnuLnCOX,2020-01-01
aoRApAxg,WgTFoneKAL,2020-01-01
bTEItVSz,IzVlllZMEI,2020-01-01
CwTKcmto,uEZGMCTkjl,2020-01-01
aznVtLTf,AydDMfBQtW,2020-01-01
cSOPYRtL,QDSHXkmvgS,2020-01-01
XeujxGQu,cUlFabDcqz,2020-01-01
CJVnTStQ,ZMuKfwdRzz,2020-01-01
GHHUeYgD,ebUxQJKXlR,2020-01-01
YDlmaxSF,BHyIHSGTRk,2020-01-01
PKgoDxMH,JulACGETDP,2020-01-01
GtjtpgHS,WvgvhqlMfX,2020-01-01
TbAlVHnY,cHaZBWpNev,2020-01-01
XnUWCeod,StMJaRcsru,2020-01-01
JbwmxbVV,TxkDzDqrzw,2020-01-01
KVoViNkM,fSreNeEAAs,2020-01-01
IrQjCQnC,eDLLuzznXS,2020-01-01
JemojRkC,MLVnykjVop,2020-01-01
qdnufgiW,lOhwgmvUrS,2020-01-01
gyaIXVhb,rzzzzzXsgC,2020-01-01
PnqPfmeJ,RoiaWAKXEF,2020-01-01
CFPnSOMP,eONabBqBsO,2020-01-01
EjkxaAdC,wGvVGxiUXI,2020-01-01
lsEdabEZ,hxMardWFva,2020-01-01
uarCnZTH,liQIVTdGmh,2020-01-01
lPSgkDpi,nCjkFTTjhR,2020-01-01
IeEmdaUr,wQfvoRuJbQ,2020-01-01
pJCjFZYO,gOqSCBFqia,2020-01-01
FVgCNqsJ,wywjUFMRzT,2020-01-01
QZGpJRAN,qWwyVxXyLT,2020-01-01
Medcwdvi,EUiWZLFoBf,2020-01-01
DcgXegHQ,kVFEoSVshj,2020-01-01
IttlmOoI,WyhvjwCFFF,2020-01-01
fAaYooEW,mWusrltEwL,2020-01-01
SOjxWzGb,yEYPjGwKby,2020-01-01
cwpQOkte,SVGMWQGcvq,2020-01-01
RZIhaIgd,TFbJQtYelf,2020-01-01
JjOGDpEo,ktksTMEVdE,2020-01-01
hLOsTXHA,vVVNYqdlxX,2020-01-01
WcCjqYpW,HxhDNtZmua,2020-01-01
ffgmkIuV,FhBYMlljSf,2020-01-01
qQefEgTX,cCGFITNZnP,2020-01-01
kfuPyhIt,TmwEIWBwoS,2020-01-01
HqehFLCr,bZNbzozvlE,2020-01-01
RUBEriDt,EoyxZBOiVZ,2020-01-01
ziWVsOcm,wvMwWNKLaj,2020-01-01
JrSHyBzF,MHWZDTrhUh,2020-01-01
GKluqucm,MjnuCvmUAW,2020-01-01
acMsvZHT,xBgPlntmWS,2020-01-01
epoYZTcd,GMwgamxtlb,2020-01-01
TMOwCkyK,UwLHWPSnDn,2020-01-01
gnjgfGvl,zhhwrCwDFK,2020-01-01
liAjaoRg,bnOrauJfje,2020-01-01
fGtcgvbC,VxuvzuObqh,2020-01-01
vOozZJaM,uIcEEPcRqd,2020-01-01
CbxtYQIQ,sBptLkPffT,2020-01-01
uQlOaOra,jmrgcbgdhg,2020-01-01
ktYOaSwB,SuzSPidzeh,2020-01-01
tcpwekmZ,GqJvKwLpii,2020-01-01
HKCrWqqi,MlWHQkZCXL,2020-01-01
LILwGSRm,QRuEXbKIjk,2020-01-01
BglKvzdK,hTaxtXeIZN,2020-01-01
vNqxXKQl,HXATVRuQGK,2020-01-01
TZVQJbEb,miozwcakDS,2020-01-01
QkBNfEYf,UgyLSaQDEe,2020-01-01
roTbDUpi,RNuVJlmqeB,2020-01-01
vAxttxwD,FGsWQuyodJ,2020-01-01
DFnEbLxM,GXKtivxyJd,2020-01-01
teYHYYhB,DXqqLyWbvr,2020-01-01
nZrpBhyv,QYTpwiXiFy,2020-01-01
xiwnGwDZ,VBHwzGpTqM,2020-01-01
pvEZCElm,nPHGmBJnkD,2020-01-01
VRJyAPzg,kyKhMsSAoo,2020-01-01
MEuaRCuz,dCcTUkbDMS,2020-01-01
MwVgUBNp,dzYmJYbvEz,2020-01-01
UHUAxFww,nyCKEmfMYR,2020-01-01
tmozIefk,IieiNisgnz,2020-01-01
FcVDtAme,pWtZJmQxhM,2020-01-01
UviyXBgJ,iQjQaSQXax,2020-01-01
mihAGcVw,WUofygTayD,2020-01-01
MdITXdyr,UONzhSsuGR,2020-01-01
vuhAkGPJ,btzEckiqKP,2020-01-01
kEcHyPVy,ggSDDXlJCA,2020-01-01
QtIzRGLB,xVfEGQCsKG,2020-01-01
AHBwJkXO,morjcuNeRE,2020-01-01
eaaXUKib,twIuVnTKyR,2020-01-01
dFicCzdV,WYCKUNcAxF,2020-01-01
YNBGjwoW,JBZaFnAYdR,2020-01-01
FYGACqLu,yVoDJUyEzg,2020-01-01
PYGprmSe,VmunwzzLEX,2020-01-01
dNTCPDOg,ATlwgkKzcM,2020-01-01
WbiBERps,pSFCJCNHUK,2020-01-01
IvHZdmXI,YSHvORlwsB,2020-01-01
rfgwSGBT,twFWGjqTbd,2020-01-01
EdLfgTNm,VLLVqmXvTh,2020-01-01
CjWncfrt,kOEqvWuJTP,2020-01-01
tnYeVDAV,GSpHAlgACY,2020-01-01
tHSZddXX,wHQhCBdGEY,2020-01-01
TmbpeckT,qvgqoKBhJC,2020-01-01
TjbLFUKA,JbdrFGGrir,2020-01-01
ieCbNDxa,QyLYOHpXRp,2020-01-01
GvVoNJOs,NKSfyrwnTP,2020-01-01
pKpaqLAU,QevCctKriQ,2020-01-01
AypYcWxH,azHllaajCI,2020-01-01
GCdZGWLI,TfiniOHsKn,2020-01-01
dgRFgnGH,fcSPRgfwrw,2020-01-01
XoFMsSzP,mXmShycXIk,2020-01-01
LfgJRxHB,TBAWHFWnmZ,2020-01-01
YfVZiOLK,fAirdvAHJH,2020-01-01
HlSClVKa,aqSLtpoSQI,2020-01-01
gKnDGpqf,YrnwBiHhXY,2020-01-01
lxBEKlup,aGZVWfTtpr,2020-01-01
PIJunrde,MEOrfPfzNM,2020-01-01
KaBOReJf,ojUQpkkVkZ,2020-01-01
HIeqfmul,xLBuhdOhqt,2020-01-01
LPCXyxpN,xlREmOUetl,2020-01-01
OPMpGnKs,kAaUyUJqTi,2020-01-01
LmqtGVYZ,UYTxXiVpvc,2020-01-01
IHHiBKXb,aYJsRxwDzb,2020-01-01
RmWQbfoD,XOKtpoiGyA,2020-01-01
sFolvZZb,fxGTWckGPf,2020-01-01
nvvPFHFU,RdbEZJkLRr,2020-01-01
BRYrAFTu,RSMQCUJTtb,2020-01-01
izyMewxk,EZoJDSZmgO,2020-01-01
qStCLKpi,tTJDnfQYOV,2020-01-01
giMebaeF,nzAMFPUVGp,2020-01-01
YguTIieV,CFUzaNZGyB,2020-01-01
spQAblpd,hLRdnzYquo,2020-01-01
AqgaDnhv,HICaLoveeq,2020-01-01
nMmtMgHs,aZznOMqoli,2020-01-01
KbdHugRE,OXUTDPODvA,2020-01-01
CbvBvaNK,WDwUMuBDZK,2020-01-01
ZnQhhrsP,UgYumygEOR,2020-01-01
lSNvsFjj,NIJbZdwjdN,2020-01-01
VwCrmwsJ,ZsjLHzmdmv,2020-01-01
bebvmGeB,QPayAAoWlr,2020-01-01
zjhmoJJU,zzboPAMIDf,2020-01-01
zTIrcCJA,jAhCeTFxwR,2020-01-01
SaLnuPHO,WbyxWRvJMz,2020-01-01
VtqbERuo,zETQEXZeXE,2020-01-01
SVHFiSQe,kCyYDtKLPu,2020-01-01
fnKIEkMw,kqZKxWHkkb,2020-01-01
xVwbvseB,vglMlOpnrP,2020-01-01
aiLbHseg,uJZVklqHrL,2020-01-01
MuRoUrpe,fpmuteYBLn,2020-01-01
dLuDEKbo,KwYpoWnmMH,2020-01-01
RppRDFBh,DdmjrphNwB,2020-01-01
rWRhaUWZ,LWcxEUZEuZ,2020-01-01
sHgwdLJc,eAxTtxklBx,2020-01-01
OOdfTKlp,axhHUUlLCm,2020-01-01
mzKoGHAT,sebDVnJChy,2020-01-01
oZDwQeAQ,bDcArrwxNz,2020-01-01
AwDBFPLS,XigaBTgDYW,2020-01-01
hsWITIBX,lYtAKncHVG,2020-01-01
sQuUkvqZ,SZGBukoHzD,2020-01-01
Wicgmtvu,aBjvgldaQI,2020-01-01
uaoLYVjh,BIgomPxYjf,2020-01-01
shLFcHRF,zYDCLjLioc,2020-01-01
MnkLIaUR,CxlHqJFTUv,2020-01-01
FRgIsqEO,YvdTVEKjRu,2020-01-01
qxotADDt,bjSpQNMCrD,2020-01-01
mAOqcIrc,yAgqgobrII,2020-01-01
HbcRxmkb,fEhVqLKUlA,2020-01-01
JNTPKhOi,GgDuGGoowE,2020-01-01
MpWMyndt,aWQamROEoD,2020-01-01
SWYjKRpT,PLZAbwwfGW,2020-01-01
CKOeEAJh,eoJOufAPLa,2020-01-01
rwvDNcdz,YDcLzIwjTh,2020-01-01
DnsYYiwb,ufvRCOUuPt,2020-01-01
GvXdWMdl,NdUFMslwdM,2020-01-01
ZmmhFJPG,kvJwfOsdTA,2020-01-01
VwQowtQg,NYHUJPgFtr,2020-01-01
vByiJDGG,tXpKinywJV,2020-01-01
vJdoXwKJ,NcYUtUWfTX,2020-01-01
ZpoavKJD,DDbjFyAbUb,2020-01-01
VSaueGbQ,PHiKQvieQr,2020-01-01
KhWbXOXy,cFcjgrGWiM,2020-01-01
ZZmrulKR,twfhQLbJsc,2020-01-01
dXcnslfq,TUuMDvVQnH,2020-01-01
qwCBmdzl,DszYjYVBPg,2020-01-01
gDmUqJpQ,fiteeKzpqG,2020-01-01
YtBejjsd,iexgybSXSE,2020-01-01
qPZTeybW,EuWpsyyPoL,2020-01-01
GNvUxTAX,zinjwYzMzi,2020-01-01
xsPXRtrJ,dkmjEQtnra,2020-01-01
rGoTUUSC,tRJChMpmBd,2020-01-01
ylMNKJBd,IzlPJmKSNq,2020-01-01
mtTTfGfI,giELoDIymj,2020-01-01
uyyyPQyJ,DAwVyhaTsi,2020-01-01
NDfRfOax,XUPjqHfmKh,2020-01-01
dUjxDWbK,xpGAgeLgHx,2020-01-01
mkHQwyJM,TonyslPuJj,2020-01-01
MKcyciRO,QNzQzlMull,2020-01-01
KWTnvvgu,lQyUuToyzJ,2020-01-01
WlKhfcBP,FbfpdQzpAp,2020-01-01
OMQLtJQK,FHocSNqWCw,2020-01-01
JFLbRAhW,RwQKpTsZTK,2020-01-01
PJpAoZLX,znIkHrOfAf,2020-01-01
aYGbiDHj,HNNBqJrOhK,2020-01-01
bTAGdKck,zEAAuUKFZQ,2020-01-01
iqTHMeIS,YfcyFeBVQm,2020-01-01
JMnaPoxQ,agQAEHPqXd,2020-01-01
RUDkhxtL,fkzSUmNKRQ,2020-01-01
jxQedkWL,HxGZeccvkN,2020-01-01
MIZTchys,QFXxlMabdQ,2020-01-01
SFqjtIRL,wLpNSHnCjH,2020-01-01
RPejtbUf,EidoSDkmII,2020-01-01
EODaCSpT,vptrKNWsiH,2020-01-01
dmjSRyeq,CrcCHSPSiW,2020-01-01
snHcArWb,JImXVRiLDb,2020-01-01
mZrZaulF,NXrHeWIFnu,2020-01-01
TyFzIQhj,QeUVZmDXep,2020-01-01
qfZgKWtI,FKIRgmSALn,2020-01-01
KGYgedLR,BUFdOZDyWs,2020-01-01
QkWhNNhA,FfZEXqqxMW,2020-01-01
IXacettS,mGXGLpAfuR,2020-01-01
nqUSJeCo,mHrGLnwQLB,2020-01-01
sVljDdzT,rGcOdmCRNb,2020-01-01
gJCNMhPk,SBoEEmTfAr,2020-01-01
sNcpbPtS,rJSyLnYzoA,2020-01-01
bTRJwKMi,sQDxPysMkA,2020-01-01
CnmVQfnY,hTryrOdvZV,2020-01-01
KAcYdYEt,wCREppwDCA,2020-01-01
maPiTenH,RjCrseRzUm,2020-01-01
eEarlIfM,BpTvuneonE,2020-01-01
ALfVDegG,cpWQyVJEfD,2020-01-01
YvGdFTPb,wslDvdOoVG,2020-01-01
vXhRSJHC,HGWgjvJEDC,2020-01-01
XeNMyDaN,vqyGDOxzEV,2020-01-01
DcDElBKh,sTJIeXNXdk,2020-01-01
XFMjbtyZ,RWdhzzvAJr,2020-01-01
ahWbxqWE,OvRfNTFLYX,2020-01-01
bWQWvUad,DJWmlQyqMY,2020-01-01
VHKIDeXt,UJsRLvSAMF,2020-01-01
jnYnKIiP,fOTDMsgfQa,2020-01-01
qbDCWBzC,TsECmTTawx,2020-01-01
uxLNLozM,FeMKYBCxkZ,2020-01-01
MxGMVvIg,DYGIpOmTii,2020-01-01
RAPKXHmf,AIiyahUglA,2020-01-01
pbXrngTC,sVlaApVEWI,2020-01-01
ojgNsiYh,OUdIcbECNj,2020-01-01
qkLDEulE,gQKGHSlFtb,2020-01-01
LJQHfbqp,ybqUMviNLG,2020-01-01
TOrYhhvI,CTJPXNMabl,2020-01-01
DLXoDUJs,NJTrTDizEZ,2020-01-01
fdVkLSRJ,DXFXqFXkfd,2020-01-01
uoaghOur,oRYBIOWFqM,2020-01-01
HtbQIfpN,ldUQzOZIaR,2020-01-01
LOTWvTgW,PYSVFjSnig,2020-01-01
WkkkBJla,KcFDLgNwLq,2020-01-01
rldCLEoz,yHXREQJBrB,2020-01-01
wGaZVCzb,lGRulIXQqR,2020-01-01
rxwlhOEy,zuryLadZBH,2020-01-01
WPWgatJc,bRCZGcEIFW,2020-01-01
zLWzzTlE,GcvHCKamlz,2020-01-01
vsKmluij,DTgDeZQLbR,2020-01-01
COCJCHLl,AhkmyogzCy,2020-01-01
WDTbekmF,QyMccUtTla,2020-01-01
XNiqafzX,vQzHmmDoFF,2020-01-01
EIrBmpGy,siVFDUVQxV,2020-01-01
rIqRfyiY,dVrSqIMJvS,2020-01-01
AOioVMgz,XzBeWZZAqJ,2020-01-01
vrhAtQnS,PUzKFRDrMA,2020-01-01
jrQnfvdZ,wMkxKaTzCV,2020-01-01
zvnkzgIp,WsUdRMtmeh,2020-01-01
YYyAtGon,XhwbEbUIgA,2020-01-01
oEVIUjbE,XQQSOlpLAA,2020-01-01
ojcMwkIH,uEJrgeUrsT,2020-01-01
JborbifF,HznjVBlSMp,2020-01-01
tkttkkoc,uNGwYlFGJf,2020-01-01
MZKPNXCV,gLRtjFJmlM,2020-01-01
YCglCRTF,FPnFSMSOCV,2020-01-01
yZFEZPFS,CtFVpfkHiU,2020-01-01
VUeXMQWr,VXtghfrlCt,2020-01-01
gaTDcbtX,LsgfJAsakp,2020-01-01
RmvRgusX,oZGzgjXEil,2020-01-01
WnKPcxZH,QVIxMkvvee,2020-01-01
HxbojoRc,cRveiyrpNb,2020-01-01
XwzdsHdH,MyqVNMKSgk,2020-01-01
QeXekUCd,QPcdLWNjOa,2020-01-01
HrHCQKcN,pcFihhwzTc,2020-01-01
zVTrXfdf,wBiPHZsfba,2020-01-01
JqGXytXd,qPIJsqBVsL,2020-01-01
rGeZNWDa,zMVGWfmcdL,2020-01-01
IXmMGOFr,WSSZJSUPIa,2020-01-01
IRPAejAu,YnByHcnHMn,2020-01-01
GVpZBIve,GCtMXWkofa,2020-01-01
uXdzgULC,hXrEYltxMr,2020-01-01
lljhKira,XLaiaeXdUi,2020-01-01
OkNLjjni,avVYKvMNHe,2020-01-01
nZstkInC,nAaywkDIiA,2020-01-01
YecoJqDe,OaPwBJGMRi,2020-01-01
wMVXVrKC,ervIScCBlo,2020-01-01
ddJhQRnr,KlXZvkPWxN,2020-01-01
eXzILVZJ,znNDBUTLWQ,2020-01-01
AQvEMrwJ,iZEHtOZyWk,2020-01-01
SzroRUlN,FaPihOUMNd,2020-01-01
wSurhvjF,EGSzZrawLe,2020-01-01
ItDLBpAI,aPhEQCkqIR,2020-01-01
CkSqioqJ,MhKSDpONDQ,2020-01-01
Lkmvpsyp,XsiPuHBSDW,2020-01-01
sQPVbHVN,gXGEKxWONN,2020-01-01
IktXCKcR,CaeckGvAUw,2020-01-01
WRGQTtPN,UfgAbwxHCF,2020-01-01
gnGdtLiy,bkXoOEgyeC,2020-01-01
JxYuPGbi,pfjZtxueqJ,2020-01-01
HMSJOMRy,FhCBFFHlLW,2020-01-01
acVJzJBc,lNalRwOvlc,2020-01-01
hCDxERxf,OjNmQAmTmV,2020-01-01
otabaecc,LrVEoksIKp,2020-01-01
TeSWqjlj,joqEVrxWBM,2020-01-01
hxohAkZS,YgWNJgTFBz,2020-01-01
uXedaTlj,cWsivjkPBZ,2020-01-01
DTZiFbQD,LFBHLXRidw,2020-01-01
FGXThamv,qxlPvFgwlW,2020-01-01
glPtJsmR,cdpUFCgUDZ,2020-01-01
wcCeNzUP,WszDtofjyU,2020-01-01
xhtTtXHM,CVLadOysxI,2020-01-01
nUqsfZiX,vLOFhBtEDw,2020-01-01
JpHnQRiH,VsKPqEmtjv,2020-01-01
AWKMgKMx,bcerJdfYAh,2020-01-01
CTUSrNNt,tRwbgBgaqO,2020-01-01
xPaGlpeM,ghvXtZuhRT,2020-01-01
FpGhXSQM,hgeOqnjfvH,2020-01-01
JrsYJyTz,ktVCwLgJBa,2020-01-01
nvHDMRHt,yzxrJiURGP,2020-01-01
woLOPkTS,urqGOEhNMb,2020-01-01
alvLqpBe,zjJeLWbSVg,2020-01-01
zMjMUyKL,pfgOoufBfY,2020-01-01
MeVswKlN,eyIcRNJOFg,2020-01-01
jXQtTyla,rqFmnEqaKs,2020-01-01
qhCprGAV,nCyYdOUICv,2020-01-01
VbDPDQKA,LqKYoadBNo,2020-01-01
yOAAWNwa,IbvjibNoJS,2020-01-01
eYbtkshL,RaCTYktHaa,2020-01-01
XvGBEacX,euvExUDwZu,2020-01-01
fhKtlyNF,HrGuQrcwsF,2020-01-01
pgUWboLK,gImriILpVY,2020-01-01
RQOosLzJ,SdnNwIhQYB,2020-01-01
cPeBNOUE,oWRKBUnfrI,2020-01-01
wolgUPNi,EkPTnOmzdf,2020-01-01
HOxZpYcw,PrAliyveMF,2020-01-01
GhzQrvdj,WIMlaNtUZD,2020-01-01
QcsVQnYC,oFGInilAts,2020-01-01
KmHRyRKc,nCdsEkHetx,2020-01-01
nKJiQfAj,bSbxgCzPnP,2020-01-01
CYfFgqlt,UzljuntcTa,2020-01-01
QDHZNvbU,AFVtEYqSDA,2020-01-01
IdHLQoeY,aGZqcMQswa,2020-01-01
gvgomLrP,WZijwsdqRL,2020-01-01
SzGnfSub,IzznLxebvx,2020-01-01
vddjzMYD,WADjfGsxcE,2020-01-01
UHeuZZAB,yEXoeFGvmF,2020-01-01
BwbmTlkg,DTDdrhUmFx,2020-01-01
WNGggGRh,oVWbntiCsF,2020-01-01
KmyDIAnB,FkdIDBlXtA,2020-01-01
xvLEGXEj,MRxBPLnaTz,2020-01-01
XNuVIHgg,iYJamqkqyR,2020-01-01
xmUxMVqg,gekzWPTsFc,2020-01-01
pGOUNNZb,PqnWzkmaCR,2020-01-01
zBtgGrKM,oaJGBmoJji,2020-01-01
UEFKJzsn,UKUcLTlxoi,2020-01-01
lCSgrhlf,pcwwhShlTd,2020-01-01
AUcbMalp,nZeFCJefPA,2020-01-01
sJSdhIrB,QeyRPsbJLg,2020-01-01
EKePoXzy,EewebDxXdD,2020-01-01
rRFGMlTo,jZQQKdZdKa,2020-01-01
RDpgoknl,wJuFrCkXtn,2020-01-01
IiOwqtYl,nBuWQriCGC,2020-01-01
azBGufTK,zVUITYDNQD,2020-01-01
UpGXbQlf,SKWGUKSNHm,2020-01-01
hFkTIQHp,CugCDnxBmy,2020-01-01
VrqqdcPv,TRzulyKtJV,2020-01-01
PdHHwIDd,TjMfCYtBpk,2020-01-01
tJmNzPeN,SszWqyzjPb,2020-01-01
vGmyZWMK,AofvTEBsVN,2020-01-01
kMvjnIEH,wfuSaPkpFj,2020-01-01
EakTloox,mmNMwJlIBC,2020-01-01
uFzmlCNH,NAWIikDHQn,2020-01-01
HQwEAsuJ,XjQRXGlKbk,2020-01-01
yPpehtpY,sUZvTHTvQP,2020-01-01
gHbjrhIZ,alqIcftPbH,2020-01-01
JbKNmsgn,OBcloPcSQn,2020-01-01
iiizkFGd,aBMhHWdsFS,2020-01-01
NSmijKDB,ywppetwGhh,2020-01-01
tBeReYbt,tffebNSFCx,2020-01-01
awIHxPus,yRTXrALMmH,2020-01-01
mYpdJjFo,AaVKABjokv,2020-01-01
eXCIEPyy,wwtBnUgcsE,2020-01-01
MawacWNh,wdHUSmXBeQ,2020-01-01
NQCKKBev,mpilLiCMuV,2020-01-01
hDWdeBXd,UYuOimmmWV,2020-01-01
lqERVRvy,sZjSkOlUUC,2020-01-01
HptnsOEt,LWtoSsVHMz,2020-01-01
xKhShosR,sAtIkajuor,2020-01-01
YlWlVorR,irsBdglImL,2020-01-01
NkXpsDYk,BcIrhIfXfk,2020-01-01
zkHZoXnC,hHtWlQHlPT,2020-01-01
VQKZJMEk,nPoIMZbuds,2020-01-01
yEvgTJNM,xZLpGcqLxk,2020-01-01
fXZJoMEk,XHhYRdNrAj,2020-01-01
aAFkuQhE,rPxGZHdCuY,2020-01-01
zQKGCyZH,TmLPbLAgBZ,2020-01-01
BbczIOUk,PQbOtKCNkD,2020-01-01
YsXlElXP,sxSUDzBrOG,2020-01-01
VaKSDjfg,xYWGvWPVAS,2020-01-01
BGseMFwU,szzOByceUw,2020-01-01
AhIdFnhR,ehEoalSqEJ,2020-01-01
sQIxGxQk,EEUhLHCCgJ,2020-01-01
OfmnulUt,uwUWXAebDU,2020-01-01
qLuyUMVC,wlABlHzOEn,2020-01-01
wQYhcybl,IuOpdUdsXX,2020-01-01
aMAZfsuY,nHjgveDkkQ,2020-01-01
afgGzyrj,vpTpISnims,2020-01-01
uyYTsEME,uZApHNRyAN,2020-01-01
gAmUDhmf,YWsYtqPteM,2020-01-01
ISrgFGek,NlKTkcyuzG,2020-01-01
fwotwSBy,ZLtBeQCjQc,2020-01-01
RosZQWes,gWAEUIoMdz,2020-01-01
yblwfHrI,rBhCjbKvmy,2020-01-01
RsMZIfTh,fphFCKNywJ,2020-01-01
zgWQosBt,EedzbOYUZd,2020-01-01
fWiGtufe,SvFTouIPZj,2020-01-01
yJEFcOxO,BQPYffjHKy,2020-01-01
MawgnpnV,HlcMVDxLvo,2020-01-01
LHKBfxaa,sRPdNVmVcn,2020-01-01
ZskhITig,FiQiQgDXWv,2020-01-01
NBSoFzuz,ogiXhZmmsz,2020-01-01
ELITzweN,eEpBMpQOwT,2020-01-01
WkwPtXcB,LtqPTgdUSR,2020-01-01
fUQlXRLk,QYsYaUxMoI,2020-01-01
HZYVyluQ,lBZEJEMyto,2020-01-01
OtKWIzOz,vBRMVzdQdy,2020-01-01
lAFcjtwz,rBJeUzMdjB,2020-01-01
apCLdlnR,bbCpktRHSx,2020-01-01
fIpuQjbc,VPOveETCXg,2020-01-01
HaoWtTyZ,uJyffaMoTY,2020-01-01
yVXPrTDn,lIkwLOogii,2020-01-01
LlplakBw,ERBYyqLPTJ,2020-01-01
YHrbcIgj,yCFhxKmAKU,2020-01-01
grmZYtqn,XQCMotROOC,2020-01-01
gGSwCoos,byXhmdzemm,2020-01-01
obHYSTXM,egyxndPONz,2020-01-01
CuOSYhsv,PcUiQavgna,2020-01-01
mmwMprrB,LzMADUIheK,2020-01-01
RIyqMtvB,LhUpJCeFJN,2020-01-01
exlRPcNQ,MFmpguKZYj,2020-01-01
tFzyhpAt,RfLNKgreTx,2020-01-01
aWZNbxrh,ygmYSRjuDF,2020-01-01
ktTrWHmB,KYNWyqqiZe,2020-01-01
hjHaggYD,dlhiAmfGUC,2020-01-01
HVeRdpHs,eXvZGQCsnl,2020-01-01
YaszWcYh,VYDtCXHpCB,2020-01-01
bsDyYOKc,IqqLsSmCPe,2020-01-01
LnNZSCsz,TMufQEUewr,2020-01-01
omWbrEYc,XmGwrbXIjx,2020-01-01
BmWULLtd,OneNzBEaGU,2020-01-01
wFKvesYd,FOOhgWIVGp,2020-01-01
IqAVqpAU,drrIcSIFwR,2020-01-01
aFwauOHl,fGtimZnNHu,2020-01-01
SUOhwAbT,XgsCvtDaxp,2020-01-01
qLOkKgav,VTuAALPdjj,2020-01-01
pqWPJhVJ,tTdZjUxnJJ,2020-01-01
VYLTPlTM,BsrdbxgWNY,2020-01-01
TOMbhfhJ,LOpzbgtYBe,2020-01-01
mqbnUZMq,xjsqgAwZHj,2020-01-01
AsHxXaxx,iXDTvXsoKB,2020-01-01
ZqadylEG,BOxZMVxJWs,2020-01-01
hizjLxMS,rzxOnQeIyy,2020-01-01
VugJeqWW,giUdljnBcx,2020-01-01
PKJHXksY,pFOCidgYnG,2020-01-01
LsijQELl,JEDxTnfNIO,2020-01-01
knCCzbkF,HrGdcddGFW,2020-01-01
caqVpATQ,NHVDVwWzrt,2020-01-01
xKxfvmif,CrtFnAEaTd,2020-01-01
libVyuYp,cbQtZEEJpJ,2020-01-01
SIrkqPkZ,qcWXvoWWkI,2020-01-01
SNEPrJCk,bYUZqcnjZF,2020-01-01
VDJZPqeW,PoVKANujCC,2020-01-01
VzVKvBbu,mUZJwAwNvR,2020-01-01
MIkGSDlr,dPzfZkGiwp,2020-01-01
xjNNzdbF,ZgDKKVPdtE,2020-01-01
IEOOFCCj,AHGAyIWjnt,2020-01-01
DEWkAADD,xARKqZLlMT,2020-01-01
yFbmZvhL,dqMIvLZNWV,2020-01-01
zOsOgsfV,BtuTYtOHiS,2020-01-01
WRWJyhZv,aDRQcNOaGw,2020-01-01
erZYUWSE,ioeqthDJFF,2020-01-01
LXrfKbBV,xxhHWmwXgd,2020-01-01
WVPyWWjZ,jVoSvrHgkn,2020-01-01
oXPIiUIy,HALJjSWLMS,2020-01-01
bMCLVDXb,LriXdHCpvL,2020-01-01
tqjoREkS,KPiFafPLty,2020-01-01
GYbTlhJi,IJFSaddxFh,2020-01-01
EGnArJvD,ZVBiPEnuiE,2020-01-01
iXoTQqZZ,rzXWJUbitb,2020-01-01
HgWFCYxa,znVDVCHgeL,2020-01-01
SzDPnzEA,qVIERZfgUm,2020-01-01
rFJWYzOl,VhyoCvldgu,2020-01-01
YsSWmBsx,ehSWnQFkGi,2020-01-01
NZQsETXH,ixFSHMUkem,2020-01-01
KXXcuJYX,IERBulwLDr,2020-01-01
gESvZbhU,LUeOGJIfhB,2020-01-01
VspeiFHK,odJJfTvXKT,2020-01-01
nUJnxDFu,UCBhJcUbWK,2020-01-01
sTUdJMQm,qkwYwLbXLS,2020-01-01
EEsWSASt,WaqrvFcsaj,2020-01-01
fiqDjljI,gCEtXnNyAx,2020-01-01
NbEEGeiX,SKxdDtHZVI,2020-01-01
qTewuaOv,BUFEcVushV,2020-01-01
ENhCWPRG,jOHKgHKuzW,2020-01-01
jexOYuip,KRkAajmDeh,2020-01-01
kcBChZuj,jwuDxBDGjK,2020-01-01
roJwWarC,IeEDjDTnFt,2020-01-01
RkpNAeun,UtAeDfaqxY,2020-01-01
QySFXMnp,ljWhSrKusc,2020-01-01
sMlEUxPo,pnfoqkMsQg,2020-01-01
DWzVFpfn,UVkTVHyGif,2020-01-01
jNLpGPhv,eoulctDYes,2020-01-01
poNDEWyR,LcbkNhbrpT,2020-01-01
CpUPsccg,plsLOhjegU,2020-01-01
VKwreNWU,okyWcnPAMu,2020-01-01
QPUDcuhX,wQitvzZOMl,2020-01-01
zQJpPsWw,tjcIDIRhmo,2020-01-01
MjTnYCsb,GZJjxjiEBE,2020-01-01
KBpAxkdw,TjEESrMlzt,2020-01-01
VGCGDnJg,BNhShrnUfx,2020-01-01
ZnERGCTq,WWNTodVlBH,2020-01-01
XumdeJkf,FIZYKdmonG,2020-01-01
oAlwQBFf,PlmkcRXUyv,2020-01-01
pztpvnyy,PLhIVMUsiK,2020-01-01
oFPAJkDC,XQItfoEHfj,2020-01-01
xoBStjZq,TOpmPwQOye,2020-01-01
siAAxUSX,CUkIuTcVGK,2020-01-01
EQeiGmNH,gKYipPlpGW,2020-01-01
yCmwuUKR,wHJqEIllHp,2020-01-01
BkkdDOkW,RYYRVJmnnA,2020-01-01
PaDPnEiz,AOUnffMVaF,2020-01-01
RxUIvVwW,OuPkiFbmwQ,2020-01-01
RPAaIPSk,VBUTaGjPPQ,2020-01-01
vzcsQwQw,pqOwFKbfoF,2020-01-01
zpLNFdKe,hbySSrblHx,2020-01-01
WJolWawc,OQfHpJzZFW,2020-01-01
jeKtAmaK,WPAmqoxcvv,2020-01-01
ijcsLOyo,YBPRdxLLXf,2020-01-01
fLlTKaVK,QrlZbShADt,2020-01-01
pcCDduQc,GvBFHsHmhK,2020-01-01
IODwWHIt,vKYVfRkpxf,2020-01-01
aPYbcaZc,SmRvIGGNJW,2020-01-01
IqJYpIch,bLnVPAlYrP,2020-01-01
dpiULpPG,KtLQJyUiFF,2020-01-01
piRtlpEQ,kzfIwfPnXY,2020-01-01
DBYoxqAv,auXOSXWtVL,2020-01-01
uFwkGlzz,KhqsgHHRVM,2020-01-01
neGsnZoA,qGSJvaSbBy,2020-01-01
GBwPDidp,hOCHIfONLn,2020-01-01
hzPSPdIG,ZGnuKPhuCW,2020-01-01
jSXIMwyS,PozqcMBKeR,2020-01-01
MVeyBmop,gObAOdJaqy,2020-01-01
NulMYfDd,IWoQdHnSHo,2020-01-01
GALggRdI,UQMUcJfcfA,2020-01-01
ypqbiBnZ,XWPXobnwYI,2020-01-01
nNQKzeKn,GpdfTmEvyu,2020-01-01
jXaNXUGf,HfxotDpjxl,2020-01-01
pQPcezhn,SgsLSOPSdh,2020-01-01
HmvDeGge,ueqRGgJzfR,2020-01-01
uPEnXUfQ,rUsbTXuJYm,2020-01-01
MqqGsTFK,mKAGypNLkp,2020-01-01
biwmNXvG,geUCaYBhcJ,2020-01-01
wCyxTrQg,nUSgtPKRnq,2020-01-01
NcHPwdec,tehcLODxkI,2020-01-01
DfHdpray,tXmUQMPzuz,2020-01-01
mYpaHfOJ,VTuvRtzbhy,2020-01-01
bzwPqCyM,yNYiopTcqw,2020-01-01
vkirppJX,NkkHhyeYrU,2020-01-01
OGrufpJe,suHFkxwVmx,2020-01-01
XpqPaicu,VrcquHmIzv,2020-01-01
SAfnmDVc,zMHgDmLxLX,2020-01-01
kzZVsdVq,rNBVgmnPTx,2020-01-01
ithcdtSH,eISBXzpEmQ,2020-01-01
CJMdBpEX,CvkfIozLgj,2020-01-01
IjhHLQnF,bJWOUliumX,2020-01-01
bXBWgqSN,tMptwSPhkS,2020-01-01
qiwnnFHN,nPWnRJYHoe,2020-01-01
aDREVRMc,BPJSsHAuyo,2020-01-01
kzRolvcj,JIpxEiATpy,2020-01-01
XGOFcjMz,laPQQQXibb,2020-01-01
omZDyEuA,wQrCcPTcbp,2020-01-01
MilTGNCL,nxUYhRGZwR,2020-01-01
LzsbVrxT,kdqjiyXnAi,2020-01-01
RiHzjYLt,bQCFtoPCdQ,2020-01-01
VmbMvnWa,LSIpgdUfBA,2020-01-01
qDAStaBx,VDXIlkGnul,2020-01-01
GkXhkWki,kNMSVYAfZT,2020-01-01
mgIhAwTN,nQihrHhcRP,2020-01-01
lGgDdWOP,hhPTPzSxMb,2020-01-01
ctZmZBZi,LmwdnQizgw,2020-01-01
lhhixBKN,YTXZcDwBJf,2020-01-01
rYXgZQNV,BpFoHQGoyC,2020-01-01
fuviBlmA,jKPxRIPxsH,2020-01-01
AbqAJTbJ,sFVHmCEJkE,2020-01-01
DfZsqiHp,pmBPRSvmeu,2020-01-01
RSKgDxUQ,IIKcmJnMZl,2020-01-01
SffrEEwC,EfEGbTDiQC,2020-01-01
kumkyUNU,yXLmakxfim,2020-01-01
otOzWBAN,IKafQVcEkw,2020-01-01
stTHHipo,aMzgzxIYlx,2020-01-01
QPvpkweR,IzSKiYgnUr,2020-01-01
mpDcnkgA,VnFbjQBUZh,2020-01-01
PrsXDJyQ,WMqHFLFZPm,2020-01-01
yHdRAbLq,iKeDLfHEAp,2020-01-01
pGHKTXgl,DuqmYJigNM,2020-01-01
xKhbsogE,ZAQvGwpIOk,2020-01-01
FnHbpEBc,VSKcgVbXdb,2020-01-01
ekeIAynJ,uBYXCFLPfp,2020-01-01
ShRjmZhr,tYlqHhdiig,2020-01-01
zPZBzrGe,tZYtELdXaE,2020-01-01
KifxOMge,XnVDrHYKuu,2020-01-01
JdsLBDqh,nuVTwJGtbL,2020-01-01
mGPilCrb,mrefXlzKzF,2020-01-01
vkmatYUM,JVqxVqHaww,2020-01-01
dHFAYQDS,isgRVNCdDY,2020-01-01
xhajFiOq,MWqbeoRNAq,2020-01-01
AqrgFLyG,NRGrtlMNGB,2020-01-01
QhJQyCmt,KFYMDXwJPq,2020-01-01
mqRlwbpv,jVhcfClkYD,2020-01-01
zONEsefY,nsfQSQwPCZ,2020-01-01
HDGRaYem,ajzZpwVKVM,2020-01-01
fmhekSfb,SybYnHIjSi,2020-01-01
cDRwbLzR,cloAWrnowY,2020-01-01
UXoajsUa,byBAznFoSr,2020-01-01
WrTcmAJp,YUGkpHCmog,2020-01-01
VuvWaTjV,dAgsmDYizW,2020-01-01
fpRBEeeZ,dfGHfsWsTg,2020-01-01
TgWJUHkJ,eVRjAaEuJC,2020-01-01
onocjbuE,ZMyVqiEIkz,2020-01-01
JEsnXvqD,rYVZNUUxkI,2020-01-01
gANofyuk,DNVojcAuau,2020-01-01
PzdcJuRI,kNpnEbHJud,2020-01-01
okZYngEr,WPdBFNurBO,2020-01-01
TSmRZjTW,gPZIopCHhc,2020-01-01
NzChgyOb,xLVtIYccLN,2020-01-01
MnPGyHKS,ZGXUnejJWN,2020-01-01
epYIbbBE,KFSPveKZsk,2020-01-01
XljzXmZJ,lSzzthzRPf,2020-01-01
vvumtebe,jeVTlUwqaR,2020-01-01
Rzzwwagp,tOsFlosqAh,2020-01-01
tHfgIaqe,hAYVOmjyJz,2020-01-01
jRRwNhZn,lPLkbKmUSL,2020-01-01
idXkNIaL,DkSTxRhpxj,2020-01-01
PcHqLwxJ,HsNUPChHSy,2020-01-01
fauBMcjz,ebbepOJhwa,2020-01-01
hoWZnLSJ,bwuTwKVZcj,2020-01-01
GHAoQEEE,jZDGHTrNaQ,2020-01-01
iWMRBzCm,wMdGRCxJEm,2020-01-01
eOFUmTdZ,EpOPZdHMmL,2020-01-01
cMHHeTfo,OAukIbfXTu,2020-01-01
TzKyXisx,jBCGBGmmWl,2020-01-01
RFoctSeA,JpIqEMzsdH,2020-01-01
YMnkoFeG,GGHVbDwHTw,2020-01-01
gerLhbRr,AVoRcxgDnE,2020-01-01
uogpbUyX,dswTqVogVa,2020-01-01
xNDtpmaT,wHoSssaAPA,2020-01-01
NDfXLTNB,kuWlnKzoxn,2020-01-01
fnLgCrGB,qgepNhLiKo,2020-01-01
EpeNtBxX,RtswjEgzoh,2020-01-01
IaeIaQlv,TTQCdJsSmb,2020-01-01
NxohIgWD,rWxPXmBIfJ,2020-01-01
DGgcpVbo,NSWwsydlRi,2020-01-01
HNWJxwqN,oLzTupzwYY,2020-01-01
ZHvcgYhJ,gFNFZjekjb,2020-01-01
uRrMoZOW,akAfzZehjn,2020-01-01
cAegYjBF,TOSVwxklLO,2020-01-01
yrsLWucu,CXQmEuQiEJ,2020-01-01
lZANLPoc,bWtzsLaYHb,2020-01-01
VVwCIyPr,FgwnMViibZ,2020-01-01
bduTkAsT,oLulBuOfoT,2020-01-01
ycMVOUPh,aCpjkEfuMz,2020-01-01
VUfgOPHW,rMktwtyLUL,2020-01-01
aulTIFXU,duQXxoRPnl,2020-01-01
nwLzpOhw,kpjELblhsJ,2020-01-01
YgWztQyw,CKvcbhPxdj,2020-01-01
gcGpTxvl,AovKLfIPUc,2020-01-01
DVaevUjP,AALWsaOUCs,2020-01-01
eSGnviro,pHCBKyQqAM,2020-01-01
qtyHxQqs,yoyDCfCaid,2020-01-01
fXjHEwal,EBKWjEOWas,2020-01-01
fgTYdCVh,fTpwZGIBxl,2020-01-01
HgcSeELx,cUkpXqAION,2020-01-01
QpmZqlvv,arcDOfTjrN,2020-01-01
baQJYXbI,WuFmGaPhTt,2020-01-01
haLdEXYH,vZhYXfMDuH,2020-01-01
OrwSQlCM,tnWqvlMhIl,2020-01-01
tzJegIOq,CcmTPDvutx,2020-01-01
aXqTAfxG,JJuXNPbqHI,2020-01-01
uXBJiMop,LnpbFPboIQ,2020-01-01
yxAKaIhU,RkeAXtSTyQ,2020-01-01
rjcWIFof,TWLpFecFpo,2020-01-01
KkunSDcs,sTRTvMNVmt,2020-01-01
piaWXAJE,qEYIeQEgsT,2020-01-01
ypfNyGMh,IKQZglQAYU,2020-01-01
rBRCZbrU,TpaWNHARnN,2020-01-01
kZpOFdsH,xbxAswOyyW,2020-01-01
hWfinQED,cKSlSymQXE,2020-01-01
lAMYcVnr,GcxvoRrWtB,2020-01-01
gKAAhsJn,TGheiWkaKC,2020-01-01
mXspjYjE,ZMcyhJLrAY,2020-01-01
QTzRXRGx,wZowLNmyZu,2020-01-01
JKcIdQxw,JGocmVQLlX,2020-01-01
CNjKBQYp,zLRoaPDncT,2020-01-01
AUbEjKUD,ugImDSmSpY,2020-01-01
DkPreles,wyCNATNpVJ,2020-01-01
wrQtgpyq,mTzMRpBtSh,2020-01-01
SfdCHFhx,AZACgmWKYQ,2020-01-01
eyvActZR,fcchQGFwnz,2020-01-01
uvCYPuGA,YcHFqVrIsj,2020-01-01
iPKeJBeN,nWqHXrKGHv,2020-01-01
yHBjzIWx,EmnHSxcrBb,2020-01-01
oJsaJNvN,MClAwgHZlP,2020-01-01
UenAVQjI,DAEsoFYffY,2020-01-01
mcORFCdm,MgvbksUgLL,2020-01-01
qGspgEiC,zXbYAfHeMV,2020-01-01
kiZyVdLI,XtEoniAIQE,2020-01-01
EJbHuMXL,NULsVFgXrs,2020-01-01
BskUCIBu,SlFVgdgXRX,2020-01-01
qEJAHqkr,VjedtgfjLi,2020-01-01
gyQUFzxO,sbaIQoogBN,2020-01-01
gcwcIhys,QMacMSOqWc,2020-01-01
PQKNhoxC,DQdjnDPsks,2020-01-01
ZvDBhLhv,ttniGAHUJO,2020-01-01
RVGglfqR,ljibaWESrH,2020-01-01
HCoaHsYN,PBMZQcZAEH,2020-01-01
QDwUWmst,smusarevwL,2020-01-01
wxAdRWKQ,mtoTbGaoBj,2020-01-01
hEzRyzAP,yJPqHxyvkc,2020-01-01
ARhekDBs,DqBxqITRzB,2020-01-01
ckynQRJA,qPTprjRvrw,2020-01-01
VhIwdHCl,IwxWxEzUPu,2020-01-01
yIiNoGXN,hNdjhmNWkd,2020-01-01
fIEXtutN,uXyJSpBAfn,2020-01-01
SkpvwoqU,sSfbdFojKY,2020-01-01
VPthPIma,oJdpYIUJOr,2020-01-01
DnDJaLgQ,dPoeJotEQp,2020-01-01
PvFXVAFm,wohWLpWTEf,2020-01-01
dnMPqXVo,blQxhmtoBm,2020-01-01
FqBFRefz,xtohsnJSKE,2020-01-01
lNkWFxoW,HOePfPwOfU,2020-01-01
KVWCGVDM,WviVNgdqUp,2020-01-01
leOSeFVc,MuuINaXQRX,2020-01-01
WuQFgVrf,gTcQBkjJDK,2020-01-01
wjWmRzfS,GvEpaukCTx,2020-01-01
jlaOVMzb,yfRnKmvAJq,2020-01-01
vIdQuXUw,xFMDGHdeQb,2020-01-01
BFLLtCWh,GRYeljowDZ,2020-01-01
eMoTRVMW,rNxiTXSxHK,2020-01-01
DCKuAPsq,osZPNFzizT,2020-01-01
zxcjHatv,JLQtAHfurQ,2020-01-01
BemwKIxA,AViGVxrJdn,2020-01-01
AflDnfXp,kymKZgzUls,2020-01-01
KVcCEsmB,fpJclTQwfm,2020-01-01
tbSAPJbZ,EwURbiSNtl,2020-01-01
VUfQdTsC,UbSGSqrUwE,2020-01-01
SMsynFVB,FZbZvWRYId,2020-01-01
UYgwkoiL,eyWYVDWlNe,2020-01-01
CAUqXNuo,beOKWauFqb,2020-01-01
mclXmnlW,hrdjZzrxUQ,2020-01-01
YYZVTxOg,yUjhRBXoop,2020-01-01
CZqMRGsx,AhGSekcmEb,2020-01-01
fFYwuKmR,QpRFCyAnAe,2020-01-01
ZrzJlpXN,SpGiSHDHPq,2020-01-01
ZbUkhgGr,CZbMDctxiv,2020-01-01
XGakYojl,HwJkIgtxQQ,2020-01-01
jnXczDkI,hXmWeVAYcG,2020-01-01
wZPSLdGH,DprRfHlCIG,2020-01-01
ulqbuerc,MJVNeCHgiv,2020-01-01
LkpaQhTA,oHdkMgsXKB,2020-01-01
vXmFjwLU,wODjZDlVJC,2020-01-01
DJCNTZzo,lUIwmGWXMy,2020-01-01
MfGonlDT,IUZUOdsYJi,2020-01-01
rotvSpaZ,ucqUaOGdBT,2020-01-01
MSjqBovl,kYSjIzTEsj,2020-01-01
KqRYXZXv,mZKiuNkafo,2020-01-01
yDYcPVPF,pcKQDnQARX,2020-01-01
sRfIBUhX,VzGnqZnAld,2020-01-01
UNMgqein,azqbagFrTU,2020-01-01
noybIvgi,npEiBnBfSR,2020-01-01
wgEHULjB,sIUZLcSkPy,2020-01-01
oTAJeodL,vAAOKQlZIh,2020-01-01
HoaEkuWU,EUUqtpQogD,2020-01-01
gjhVRuWR,sTixvnhtUX,2020-01-01
wpfUnimf,tRSSoPjvTh,2020-01-01
loRqrjXe,ZQFwRzEGse,2020-01-01
xKnaCusT,lxvGLdGAVi,2020-01-01
DvvfbeSM,UyZebYHEGN,2020-01-01
StFOKApz,gqjoirdSNy,2020-01-01
ZztfkkmD,FVkZJgOMpA,2020-01-01
SpTQofQo,zmZHrYbWHH,2020-01-01
eFQwMNnm,TCiTYnlvCP,2020-01-01
PTOthDVP,cBrRbeAwlP,2020-01-01
zKJaYOMf,jAKqDzarAg,2020-01-01
vOqWrNNv,CrIVLOJCVH,2020-01-01
KjAhHlSd,TppqPsHJxf,2020-01-01
RBCZBwVq,eICCQFzIQe,2020-01-01
yoDWPUfU,nXpddbRQBm,2020-01-01
qxGNZlvK,hiojaXOPwY,2020-01-01
briyMxzD,cTaLZfNuwy,2020-01-01
MhLQvbcC,IwChylCgTV,2020-01-01
DUWGoVNH,NfFBLXJMNI,2020-01-01
OYoCVrXz,AeYAVjbOBP,2020-01-01
totNiDpO,vAAXdYFOTj,2020-01-01
FsxxMGaN,wwTBENyGxq,2020-01-01
fYnEDFbL,ptcNjflNcf,2020-01-01
OWEAsQoZ,AiMNOqCLDH,2020-01-01
TzHrkySn,DMdLdedQLs,2020-01-01
dCIdwflL,erHvhyXLeY,2020-01-01
EOBlOuTr,DstXybaoWE,2020-01-01
EFMCByWR,btEPiTFsGR,2020-01-01
PVMQdYAk,zejjgrqcpQ,2020-01-01
qsZezpkG,PjfEJrZTIz,2020-01-01
dneDUZac,yHhvBOoXPF,2020-01-01
GZtLfRbG,nGtUHKwNyD,2020-01-01
YREWMmPx,SdKqnDMmGU,2020-01-01
wGFcqPPY,lGXofQcSpZ,2020-01-01
sBcsoIOh,UiiNSGvDCU,2020-01-01
qzNxMecz,quCCtSCulz,2020-01-01
aYEnMrvB,VcBYUJPLNh,2020-01-01
GPIfllSH,fglgwocgXR,2020-01-01
gUpYzQpB,nvpKVbENFR,2020-01-01
IsfAsLYq,DEbgRoruAl,2020-01-01
MuwQFpDF,mfijxUlkZo,2020-01-01
BDTPnTNE,mBAZXmwNTR,2020-01-01
GBAZksRX,MuQwMUapOw,2020-01-01
fKGIcLfq,dvmRSCGYDJ,2020-01-01
VGudfDHo,APGQMLJQAN,2020-01-01
UnGrCnsa,OUUpfccXWe,2020-01-01
kPpLIEYP,fUvPyDHfkN,2020-01-01
GWewUSco,ATYPuowGPM,2020-01-01
jeMmpEMv,sxyCgbJuxB,2020-01-01
hhkRZeqW,rcICuEptbc,2020-01-01
CgepSvwQ,UceQQeCxCh,2020-01-01
GFwsEGCK,NDMOPbwKDb,2020-01-01
lsgWJUae,VOSdqSUGOH,2020-01-01
nXmNAJDm,ffKjsQQdkn,2020-01-01
pMAfhzln,hAHkTKsFHr,2020-01-01
TVOAhuvm,DOibwIxQMB,2020-01-01
shOXexNS,xbHWuakbiG,2020-01-01
EGqVpfZb,iaJxfRxfai,2020-01-01
DvmyDUxo,ipJHSOOBoJ,2020-01-01
IuFXSbiz,LMWDDkYFUz,2020-01-01
HhGcLwCo,RIWZmerczf,2020-01-01
ztZakxhK,ANbrdzHfjk,2020-01-01
WFyqttfT,PGLRFIyzsr,2020-01-01
JKuMxGtQ,INyObSEOXd,2020-01-01
ovWffYgy,GjgLWqfgLW,2020-01-01
vFtdJNUR,AhUeUQOqUW,2020-01-01
QpeukilE,pHotDEUdkW,2020-01-01
pCdMzwQD,sPPAAeXDDK,2020-01-01
HdmHVVrM,jUGullNeSZ,2020-01-01
WPOYfmYz,fbpSthRbnt,2020-01-01
mpROsuPk,UwwiinIjrN,2020-01-01
AWhfwiQN,WoOcmCgTRk,2020-01-01
UVItueKc,zFEwFhiAtz,2020-01-01
TFpzmhuO,xoPGdmHezm,2020-01-01
ROfdpAXQ,rYKfxQNmEI,2020-01-01
VwHVCFbI,IPMrZIetdn,2020-01-01
ISLxZWTP,TSHGVicvSD,2020-01-01
EUwCAwAs,kcDcFpcYoZ,2020-01-01
dsFcDAWx,SaOxuFIzOm,2020-01-01
kPUhDswz,qkoMVusnAk,2020-01-01
pLFjJCLw,JacUhoVbHN,2020-01-01
KxdfmAsX,vydDJNRSWN,2020-01-01
rPCbTPVs,gXPehWzCdQ,2020-01-01
AuVHHvjW,zMsRdhywUi,2020-01-01
FFxaqYpd,vHWAZBnVQU,2020-01-01
DBQrNeCF,UUuAFLXVUy,2020-01-01
vunplEMU,SiVxRuusic,2020-01-01
dmTCfcvj,KWaMDdWlec,2020-01-01
AzOQEvVj,UGNqESXzzd,2020-01-01
RsemwbhZ,YMgWTAyaBe,2020-01-01
qbbnhCam,fxhDmBpicy,2020-01-01
gXMSzCyg,WylzxSeDRC,2020-01-01
VbzydWtx,JMzTcENzVM,2020-01-01
FmVjUGki,uALCcDdyKF,2020-01-01
NWqVzYvj,NdsmZLHBVu,2020-01-01
ASoLbUlO,WShVkrirBM,2020-01-01
JpAlBUZu,FrGmHvzNrC,2020-01-01
zooNnKIB,lqPymgbzfq,2020-01-01
HbZMOHZX,iufweTbTZX,2020-01-01
oRVwJoqi,UdsFSEAVLQ,2020-01-01
MLdDtfuc,CURfGdhvdn,2020-01-01
hBixZTOn,flIvDntEdD,2020-01-01
EeYjCDjV,PhCAhQxNzJ,2020-01-01
lHooUXvN,ddtbCTIZpo,2020-01-01
fUGnGtXb,rQEeDWejon,2020-01-01
efUVjpcV,TwrKRyjoZe,2020-01-01
pgCZzQjj,VTPrBpyCKv,2020-01-01
ppgwdMkj,ugCSjHQNNP,2020-01-01
PvgRhPjK,hujFzRvKXB,2020-01-01
FHhhIXjf,mDJwxnLnqF,2020-01-01
AqxIpGpq,eeYdQoNBQu,2020-01-01
lkOhBUle,OZPbPZuACJ,2020-01-01
uzlTqava,XsEPFsVRvJ,2020-01-01
VLrUYwfW,WTimwyIDGl,2020-01-01
NOghgWPx,swzojhQOKp,2020-01-01
wlekKkaR,mPySXjmkax,2020-01-01
ngAzeECu,QmSISZhHnG,2020-01-01
xufFsDtY,HXQBhnglkW,2020-01-01
XIbBsoOn,hjEcfKRGjG,2020-01-01
MifJbJYJ,cFgjjDLxYE,2020-01-01
TtpYgGMV,adnKvjWHAY,2020-01-01
YaCdVHZw,gEENsUSUKB,2020-01-01
DpmGmMzx,cbTsdmpSBQ,2020-01-01
MkLeiNVW,lbTaBfnJbq,2020-01-01
BKgRQUKz,VsKnilCVSB,2020-01-01
CVWGozxE,XnXIOPwomo,2020-01-01
DFrWbflS,PEWwslMnWx,2020-01-01
MzymnlFw,nyJcoTCQzr,2020-01-01
wCyJHyAO,MofaszfwLZ,2020-01-01
RIsvqEth,FIpwKJoDbr,2020-01-01
dWmBwGAy,KrsByZewEE,2020-01-01
plTWrqbO,eckpgtaIab,2020-01-01
iZGiTgkc,bjciwueDii,2020-01-01
paTrwLgo,xwDyMCSnhs,2020-01-01
zwDRbWAF,PsymrkNXys,2020-01-01
Gwxwnjsr,ffyEbzfeeC,2020-01-01
wheXrvWM,SgMbFyFxyk,2020-01-01
zaphxsSX,gNbGuaFNok,2020-01-01
twHcdsLX,gpvuluGHHN,2020-01-01
QlzPqqAM,GhJQBAVTvU,2020-01-01
zHHNmazJ,uEQOElFlBU,2020-01-01
FLsBlWJW,JvfobmJpYp,2020-01-01
wInDvXcc,PZtQhudMxj,2020-01-01
acEodsqe,KgwIcZEZRT,2020-01-01
JuytTUud,uAQZwrfznm,2020-01-01
yLYpDsNZ,lwwDoWvZzv,2020-01-01
